任务ID,阶段,计划截止日,建议角色,任务,完成证据,前置任务,实际负责人,状态,实际完成日,证据路径,问题与下一步
T01,10月启动,2026-10-08,A/B/C,登记成员与可用时间,角色表与每周时段,,,未开始,,,
T02,10月启动,2026-10-12,B,向导师确认结题、经费与借测要求,已确认事项及未决项记录,T01,,未开始,,,
T03,10月启动,2026-10-18,A,完成六篇核心文献阅读卡,填写页码、关键图表、适用条件与复核人,T01,,未开始,,,
T04,10月启动,2026-10-18,B,核实可用器材及共享平台,设备条件表；尚未落实项明确标记,T02,,未开始,,,
T05,10月路线,2026-10-25,A/C,建立水谱与响应模型说明,符号表、输入来源、模型边界,T03,,未开始,,,
T06,10月路线,2026-10-28,B,形成路线与完整费用范围,借测/局部搭建/从零搭建比较；报价或待报价标记,T04,,未开始,,,
T07,10月路线,2026-10-31,A/B/C,G1导师确认技术路线,路线决策记录及设备可用日期,T05;T06,,未开始,,,
T08,11月分析,2026-11-05,C,建立统一数据格式与处理入口,一份合成数据能够生成可追溯结果,T05,,未开始,,,
T09,11月分析,2026-11-10,A/C,无噪声与网格收敛检查,单位、极限、数值误差记录,T08,,未开始,,,
T10,11月分析,2026-11-13,C,完成三噪声水平各50次模拟,150次偏差、离散、失败统计；种子记录,T09,,未开始,,,
T11,11月分析,2026-11-15,A/C,开展响应、背景和几何失配分析,失配情景表及结果图,T10,,未开始,,,
T12,11月分析,2026-11-15,B,G2核实设备日期与备用路线,明确预约/到货日期；无日期则启动备用数据渠道,T07,,未开始,,,
T13,首轮实验,2026-11-30,B/C,完成设备指导与参考采集,原始参考、暗背景、配置与操作记录,T12,,未开始,,,
T14,首轮实验,2026-12-10,A/B/C,取得并复核室温水谱,频率轴、峰识别、短期重复性及异常说明,T13,,未开始,,,
T15,首轮实验,2026-12-15,A/B/C,G3确认主实验是否可行,继续测量或由导师确认转向；禁止无期限扩建,T14,,未开始,,,
T16,主数据,2026-12-18,A/B/C,锁定温度点和误差目标,温控稳定判据、频率标定、排除规则与目标精度,T15,,未开始,,,
T17,主数据,2027-01-10,B/C,完成三个跨日批次采集,45条计划样品谱；背景和参考单独记录,T16,,未开始,,,
T18,主数据,2027-01-10,A/C,形成主结果与误差预算,温度响应、跨日重复性、偏差与不确定度,T17,,未开始,,,
T19,寒假分析,2027-01-24,C,检查文件、单位与异常数据,保留原始数据；处理版本和剔除原因完整,T18,,未开始,,,
T20,寒假分析,2027-02-07,A/C,检查拟合与模型敏感性,拟合区间/背景/响应敏感性及未决问题,T19,,未开始,,,
T21,寒假分析,2027-02-21,A/B/C,完成研究报告初稿,区分文献、模拟、实测及待解决问题,T20,,未开始,,,
T22,寒假分析,2027-02-28,A/B/C,提交补测清单和优先级,每项缺口对应结论、所需证据及时间,T21,,未开始,,,
T23,三月补齐,2027-03-10,B/C,补齐关键参考与重复测量,只补影响主结论的数据缺口,T22,,未开始,,,
T24,可选扩展,2027-03-12,B/C,积分时间对照（有条件执行）,主线完整才执行；否则标为不适用,T18;T22,,未开始,,,
T25,三月冻结,2027-03-15,A/B/C,G4冻结数据与结论,冻结清单、版本和仍有局限,T23,,未开始,,,
T26,结题答辩,2027-03-20,C/D,由非主分析者重跑结果,重跑记录及结果一致性,T25,,未开始,,,
T27,结题答辩,2027-03-24,A/B/C,完成报告和答辩PPT,报告20–30页、PPT12–15页（按项目要求调整）,T26,,未开始,,,
T28,结题答辩,2027-03-28,A/B/C,进行一次模拟答辩,问题清单与修订记录,T27,,未开始,,,
T29,结题答辩,2027-03-31,A/B/C,最终归档与提交,报告、PPT、数据代码、流程说明及局限,T28,,未开始,,,
