参数键,中文名称,单位,取得或判断依据,数值,标准不确定度,来源/文件,实测/规格/假设,版本
lambda0_nm,真空波长,nm,实用光源及波长依据,,,,,
n_water,水折射率,1,注明波长、温度、压力及来源,,,,,
rho_kg_m3,密度,kg/m³,注明状态和物性来源,,,,,
cs_m_s,声速,m/s,参考值与拟合输出分列,,,,,
theta_water_deg,水中散射角,deg,内部角，不能替代FP入射角,,,,,
alpha_FP_rad,空气侧FP入射角,rad,仅FP路线适用,,,,,
n_cavity,腔内折射率,1,仅FP路线适用,,,,,
FSR_GHz,自由光谱范围,GHz,规格值/标定值及级次定义,,,,,
response_FWHM_GHz,综合响应半高全宽,GHz,参考光的取得条件,,,,,
temperature_C,实际样品温度,℃,传感器位置与校准,,,,,
pressure_MPa,样品压力,MPa,环境/测定/假设分清,,,,,
stability_limit_C,温度稳定阈值,℃,预实验后与观察窗口一起锁定,,,,,
integration_s,积分时间,s,同时记录总采集时间,,,,,
