计划ID,跨日批次,实际日期,目标温度_C,本批温度顺序,连续重复序号,状态,实际样品谱ID,变更原因
D1_T20_R01,D1,,20,1,1,待采集,,
D1_T20_R02,D1,,20,1,2,待采集,,
D1_T20_R03,D1,,20,1,3,待采集,,
D1_T20_R04,D1,,20,1,4,待采集,,
D1_T20_R05,D1,,20,1,5,待采集,,
D1_T25_R01,D1,,25,2,1,待采集,,
D1_T25_R02,D1,,25,2,2,待采集,,
D1_T25_R03,D1,,25,2,3,待采集,,
D1_T25_R04,D1,,25,2,4,待采集,,
D1_T25_R05,D1,,25,2,5,待采集,,
D1_T30_R01,D1,,30,3,1,待采集,,
D1_T30_R02,D1,,30,3,2,待采集,,
D1_T30_R03,D1,,30,3,3,待采集,,
D1_T30_R04,D1,,30,3,4,待采集,,
D1_T30_R05,D1,,30,3,5,待采集,,
D2_T25_R01,D2,,25,1,1,待采集,,
D2_T25_R02,D2,,25,1,2,待采集,,
D2_T25_R03,D2,,25,1,3,待采集,,
D2_T25_R04,D2,,25,1,4,待采集,,
D2_T25_R05,D2,,25,1,5,待采集,,
D2_T30_R01,D2,,30,2,1,待采集,,
D2_T30_R02,D2,,30,2,2,待采集,,
D2_T30_R03,D2,,30,2,3,待采集,,
D2_T30_R04,D2,,30,2,4,待采集,,
D2_T30_R05,D2,,30,2,5,待采集,,
D2_T20_R01,D2,,20,3,1,待采集,,
D2_T20_R02,D2,,20,3,2,待采集,,
D2_T20_R03,D2,,20,3,3,待采集,,
D2_T20_R04,D2,,20,3,4,待采集,,
D2_T20_R05,D2,,20,3,5,待采集,,
D3_T30_R01,D3,,30,1,1,待采集,,
D3_T30_R02,D3,,30,1,2,待采集,,
D3_T30_R03,D3,,30,1,3,待采集,,
D3_T30_R04,D3,,30,1,4,待采集,,
D3_T30_R05,D3,,30,1,5,待采集,,
D3_T20_R01,D3,,20,2,1,待采集,,
D3_T20_R02,D3,,20,2,2,待采集,,
D3_T20_R03,D3,,20,2,3,待采集,,
D3_T20_R04,D3,,20,2,4,待采集,,
D3_T20_R05,D3,,20,2,5,待采集,,
D3_T25_R01,D3,,25,3,1,待采集,,
D3_T25_R02,D3,,25,3,2,待采集,,
D3_T25_R03,D3,,25,3,3,待采集,,
D3_T25_R04,D3,,25,3,4,待采集,,
D3_T25_R05,D3,,25,3,5,待采集,,
