优先级,提供方,数据项,要求与单位,建议格式,状态
P0,厂家/标定,实际FSR及不确定度,GHz；632.8nm条件，检测温度和光束条件,报告+CSV,待提供
P0,厂家/实验,有效透射线型,频偏、透过率、重复值；光斑/角度/偏振,CSV,待提供
P0,实验,频率—位置映射和级次,已知频差及其误差，二维参考环图，环心/畸变,RAW+CSV,待提供
P0,相机/实验,噪声和线性标定,e-/ADU、读出噪声、饱和、暗场/平场、曝光,多帧RAW+参数表,待提供
P0,实验,样品/暗场/空池原始数据,原始位深、曝光、时间戳、无自动Gamma,TIFF/NPY,待提供
P0,实验,水内散射角与接受角,角度及不确定度、容器折射和光阑几何,光路图+记录,待提供
P0,实验,温度和样品,温度校准/稳定性/位置，水纯度处理,CSV+记录,待提供
P1,激光/实验,激光模式和漂移,波长、线宽、模式、曝光内稳定性,记录/测量,待提供
P1,厂家/实验,标准具和成像非理想因素,温漂、PSF、偏振、面形/楔角/照射位置,实测响应+记录,待提供
P1,独立来源,水谱外部对照,同温同角、来源、误差及原始数据,数据+出处,待提供
