检查ID,新规划要求,原包证据,本轮补充,验收状态,下一步
M01,独立公式单位及来源,水频移及宽度公式和IAPWS基准,20/25/30℃独立表达式对照,公式单位通过但来源状态待修正,修正历史参数已确认标记并补来源适用范围
M02,无噪声参数恢复,水测试含间距宽度及整体频移恢复,默认几何三温度无噪声拟合,程序自洽检查通过,保留证据且不称作独立物理验证
M03,三档网格及预注册数值预算,原网格和半步长,三档频率网格及频移影响,部分完成,冻结预算并补必要空间和反演离散检查
M04,噪声档1独立50次,12次参考计数,重跑12次,未达标,预注册后至少50次
M05,噪声档2独立50次,12次低计数且1次触边,重跑12次并统计触边,未达标,预注册后至少50次并单独质控
M06,噪声档3独立50次,未提供,未执行,未完成,定义第三档并预注册至少50次
M07,生成端响应宽度失配拟合端固定,错误拟合端精细度和PSF等场景,完整默认重跑,部分完成,统一扫描方向范围及质量判据
M08,生成与拟合背景不同,10%额外光学弹性光,常数背景扣除误差诊断,部分完成,区分光学背景与探测器背景并建立正式扫描
M09,角分布生成而固定角拟合,2度角分布及焦距场景,重跑且补10度输入域反例,部分完成,定义范围判据并修复拟合域防护
EXT,独立物理依据,理论与物性引用但无外部原始水谱,官方物性范围与综述公式核对,数据层验证未完成,取得合法可用水谱并避免循环标定
TEMP,20/25/30℃频移温度主线,10/20/30℃物性扫描,20/25/30℃无噪声检查,部分完成,将三温度接入统计与误差分析
STATE_MATERIAL,材料准备状态,历史代码说明与结果,本轮验收报告和证据包,本轮验收材料完成,据问题清单修订
STATE_NUMERICAL,数值验证状态,旧包部分验证,27项测试默认重跑及补充诊断,部分完成且G2未通过,完成新规划验收项
STATE_TEAM,团队确认状态,无本轮确认依据,未代填,待团队与导师确认,集中讨论路线与要求
STATE_EXPERIMENT,实验完成状态,本包仅模拟,未实验,未完成,落实借测及标定条件
