frequency_offset_GHz,recovered_incident_density_per_GHz
-7.500000000000000000e+00,0.000000000000000000e+00
-7.475000000000000533e+00,0.000000000000000000e+00
-7.450000000000000178e+00,0.000000000000000000e+00
-7.425000000000000711e+00,2.989521272499288083e-03
-7.400000000000000355e+00,8.435680792204585873e-03
-7.375000000000000000e+00,2.673039747151471218e-03
-7.350000000000000533e+00,0.000000000000000000e+00
-7.325000000000000178e+00,0.000000000000000000e+00
-7.300000000000000711e+00,0.000000000000000000e+00
-7.275000000000000355e+00,0.000000000000000000e+00
-7.250000000000000000e+00,0.000000000000000000e+00
-7.225000000000000533e+00,0.000000000000000000e+00
-7.200000000000000178e+00,0.000000000000000000e+00
-7.175000000000000711e+00,0.000000000000000000e+00
-7.150000000000000355e+00,0.000000000000000000e+00
-7.125000000000000000e+00,0.000000000000000000e+00
-7.100000000000000533e+00,0.000000000000000000e+00
-7.075000000000000178e+00,0.000000000000000000e+00
-7.050000000000000711e+00,0.000000000000000000e+00
-7.025000000000000355e+00,0.000000000000000000e+00
-7.000000000000000000e+00,0.000000000000000000e+00
-6.975000000000000533e+00,0.000000000000000000e+00
-6.950000000000000178e+00,0.000000000000000000e+00
-6.925000000000000711e+00,0.000000000000000000e+00
-6.900000000000000355e+00,0.000000000000000000e+00
-6.875000000000000000e+00,0.000000000000000000e+00
-6.850000000000000533e+00,0.000000000000000000e+00
-6.825000000000000178e+00,5.768666944577927579e-03
-6.800000000000000711e+00,9.105043099544624444e-03
-6.775000000000000355e+00,1.087677564091000691e-03
-6.750000000000000000e+00,0.000000000000000000e+00
-6.725000000000000533e+00,0.000000000000000000e+00
-6.700000000000000178e+00,0.000000000000000000e+00
-6.675000000000000711e+00,0.000000000000000000e+00
-6.650000000000000355e+00,0.000000000000000000e+00
-6.625000000000000000e+00,0.000000000000000000e+00
-6.600000000000000533e+00,0.000000000000000000e+00
-6.575000000000000178e+00,0.000000000000000000e+00
-6.550000000000000711e+00,0.000000000000000000e+00
-6.525000000000000355e+00,0.000000000000000000e+00
-6.500000000000000000e+00,0.000000000000000000e+00
-6.475000000000000533e+00,0.000000000000000000e+00
-6.450000000000000178e+00,0.000000000000000000e+00
-6.425000000000000711e+00,0.000000000000000000e+00
-6.400000000000000355e+00,0.000000000000000000e+00
-6.375000000000000000e+00,0.000000000000000000e+00
-6.350000000000000533e+00,4.880395206668571191e-03
-6.325000000000000178e+00,5.946624912933278634e-03
-6.300000000000000711e+00,1.488833483294246590e-03
-6.275000000000000355e+00,0.000000000000000000e+00
-6.250000000000000000e+00,0.000000000000000000e+00
-6.225000000000000533e+00,0.000000000000000000e+00
-6.200000000000000178e+00,0.000000000000000000e+00
-6.175000000000000711e+00,0.000000000000000000e+00
-6.150000000000000355e+00,0.000000000000000000e+00
-6.125000000000000000e+00,0.000000000000000000e+00
-6.100000000000000533e+00,0.000000000000000000e+00
-6.075000000000000178e+00,0.000000000000000000e+00
-6.050000000000000711e+00,0.000000000000000000e+00
-6.025000000000000355e+00,0.000000000000000000e+00
-6.000000000000000000e+00,1.479594449317392195e-03
-5.975000000000000533e+00,3.903557514240054392e-03
-5.950000000000000178e+00,3.453169415241159890e-03
-5.925000000000000711e+00,8.280435070065188946e-04
-5.900000000000000355e+00,0.000000000000000000e+00
-5.875000000000000000e+00,0.000000000000000000e+00
-5.850000000000000533e+00,0.000000000000000000e+00
-5.825000000000000178e+00,0.000000000000000000e+00
-5.800000000000000711e+00,0.000000000000000000e+00
-5.775000000000000355e+00,0.000000000000000000e+00
-5.750000000000000000e+00,0.000000000000000000e+00
-5.725000000000000533e+00,0.000000000000000000e+00
-5.700000000000000178e+00,2.392875370877482408e-03
-5.675000000000000711e+00,5.465274866211575558e-03
-5.650000000000000355e+00,5.267462712319963096e-03
-5.625000000000000000e+00,2.011282644396878393e-03
-5.600000000000000533e+00,0.000000000000000000e+00
-5.575000000000000178e+00,0.000000000000000000e+00
-5.550000000000000711e+00,0.000000000000000000e+00
-5.525000000000000355e+00,0.000000000000000000e+00
-5.500000000000000000e+00,0.000000000000000000e+00
-5.475000000000000533e+00,0.000000000000000000e+00
-5.450000000000000178e+00,0.000000000000000000e+00
-5.425000000000000711e+00,0.000000000000000000e+00
-5.400000000000000355e+00,0.000000000000000000e+00
-5.375000000000000000e+00,0.000000000000000000e+00
-5.350000000000000533e+00,0.000000000000000000e+00
-5.325000000000000178e+00,0.000000000000000000e+00
-5.300000000000000711e+00,0.000000000000000000e+00
-5.275000000000000355e+00,1.917875951933807263e-03
-5.250000000000000000e+00,6.547947687625192172e-03
-5.225000000000000533e+00,7.807561793625325368e-03
-5.200000000000000178e+00,4.005873897974127421e-03
-5.175000000000000711e+00,0.000000000000000000e+00
-5.150000000000000355e+00,0.000000000000000000e+00
-5.125000000000000000e+00,0.000000000000000000e+00
-5.100000000000000533e+00,0.000000000000000000e+00
-5.075000000000000178e+00,0.000000000000000000e+00
-5.050000000000000711e+00,0.000000000000000000e+00
-5.025000000000000355e+00,0.000000000000000000e+00
-5.000000000000000000e+00,0.000000000000000000e+00
-4.975000000000000533e+00,0.000000000000000000e+00
-4.950000000000000178e+00,0.000000000000000000e+00
-4.925000000000000711e+00,0.000000000000000000e+00
-4.900000000000000355e+00,0.000000000000000000e+00
-4.875000000000000000e+00,0.000000000000000000e+00
-4.850000000000000533e+00,0.000000000000000000e+00
-4.825000000000000178e+00,0.000000000000000000e+00
-4.800000000000000711e+00,2.019157929359317958e-03
-4.775000000000000355e+00,5.568694963439488679e-03
-4.750000000000000000e+00,6.708655520471956332e-03
-4.725000000000000533e+00,4.245916669371976870e-03
-4.700000000000000178e+00,8.528795261789286252e-04
-4.674999999999999822e+00,0.000000000000000000e+00
-4.650000000000000355e+00,0.000000000000000000e+00
-4.625000000000000000e+00,0.000000000000000000e+00
-4.600000000000000533e+00,0.000000000000000000e+00
-4.575000000000000178e+00,0.000000000000000000e+00
-4.549999999999999822e+00,0.000000000000000000e+00
-4.525000000000000355e+00,0.000000000000000000e+00
-4.500000000000000000e+00,0.000000000000000000e+00
-4.475000000000000533e+00,0.000000000000000000e+00
-4.450000000000000178e+00,0.000000000000000000e+00
-4.424999999999999822e+00,2.158607879978198269e-03
-4.400000000000000355e+00,5.754689237503738362e-03
-4.375000000000000000e+00,7.698408785952646181e-03
-4.350000000000000533e+00,6.264407095594445168e-03
-4.325000000000000178e+00,2.643268683064154551e-03
-4.299999999999999822e+00,0.000000000000000000e+00
-4.275000000000000355e+00,0.000000000000000000e+00
-4.250000000000000000e+00,0.000000000000000000e+00
-4.225000000000000533e+00,0.000000000000000000e+00
-4.200000000000000178e+00,0.000000000000000000e+00
-4.174999999999999822e+00,0.000000000000000000e+00
-4.150000000000000355e+00,0.000000000000000000e+00
-4.125000000000000000e+00,0.000000000000000000e+00
-4.100000000000000533e+00,0.000000000000000000e+00
-4.075000000000000178e+00,0.000000000000000000e+00
-4.049999999999999822e+00,0.000000000000000000e+00
-4.025000000000000355e+00,4.792769394383850773e-03
-4.000000000000000000e+00,1.024326604859541155e-02
-3.975000000000000089e+00,1.035860602788795520e-02
-3.950000000000000178e+00,4.843387501446544223e-03
-3.925000000000000266e+00,0.000000000000000000e+00
-3.900000000000000355e+00,0.000000000000000000e+00
-3.875000000000000000e+00,0.000000000000000000e+00
-3.850000000000000089e+00,0.000000000000000000e+00
-3.825000000000000178e+00,0.000000000000000000e+00
-3.800000000000000266e+00,0.000000000000000000e+00
-3.775000000000000355e+00,0.000000000000000000e+00
-3.750000000000000000e+00,0.000000000000000000e+00
-3.725000000000000089e+00,0.000000000000000000e+00
-3.700000000000000178e+00,0.000000000000000000e+00
-3.675000000000000266e+00,0.000000000000000000e+00
-3.650000000000000355e+00,0.000000000000000000e+00
-3.625000000000000000e+00,0.000000000000000000e+00
-3.600000000000000089e+00,0.000000000000000000e+00
-3.575000000000000178e+00,4.316355373319864623e-03
-3.550000000000000266e+00,2.708591360819545893e-02
-3.525000000000000355e+00,3.489908756678403862e-02
-3.500000000000000000e+00,1.591035861525236239e-02
-3.475000000000000089e+00,0.000000000000000000e+00
-3.450000000000000178e+00,0.000000000000000000e+00
-3.425000000000000266e+00,0.000000000000000000e+00
-3.400000000000000355e+00,0.000000000000000000e+00
-3.375000000000000000e+00,0.000000000000000000e+00
-3.350000000000000089e+00,0.000000000000000000e+00
-3.325000000000000178e+00,0.000000000000000000e+00
-3.300000000000000266e+00,0.000000000000000000e+00
-3.275000000000000355e+00,0.000000000000000000e+00
-3.250000000000000000e+00,0.000000000000000000e+00
-3.225000000000000089e+00,0.000000000000000000e+00
-3.200000000000000178e+00,0.000000000000000000e+00
-3.175000000000000266e+00,0.000000000000000000e+00
-3.150000000000000355e+00,0.000000000000000000e+00
-3.125000000000000000e+00,0.000000000000000000e+00
-3.100000000000000089e+00,0.000000000000000000e+00
-3.075000000000000178e+00,0.000000000000000000e+00
-3.050000000000000266e+00,0.000000000000000000e+00
-3.025000000000000355e+00,0.000000000000000000e+00
-3.000000000000000000e+00,0.000000000000000000e+00
-2.975000000000000089e+00,0.000000000000000000e+00
-2.950000000000000178e+00,0.000000000000000000e+00
-2.925000000000000266e+00,0.000000000000000000e+00
-2.900000000000000355e+00,0.000000000000000000e+00
-2.875000000000000000e+00,0.000000000000000000e+00
-2.850000000000000089e+00,0.000000000000000000e+00
-2.825000000000000178e+00,0.000000000000000000e+00
-2.800000000000000266e+00,0.000000000000000000e+00
-2.775000000000000355e+00,0.000000000000000000e+00
-2.750000000000000000e+00,0.000000000000000000e+00
-2.725000000000000089e+00,2.340336801467731570e-02
-2.700000000000000178e+00,2.502056267927094679e-01
-2.675000000000000266e+00,1.636493972628479399e-01
-2.650000000000000355e+00,0.000000000000000000e+00
-2.625000000000000000e+00,0.000000000000000000e+00
-2.600000000000000089e+00,0.000000000000000000e+00
-2.575000000000000178e+00,0.000000000000000000e+00
-2.550000000000000266e+00,0.000000000000000000e+00
-2.525000000000000355e+00,0.000000000000000000e+00
-2.500000000000000000e+00,0.000000000000000000e+00
-2.475000000000000089e+00,0.000000000000000000e+00
-2.450000000000000178e+00,0.000000000000000000e+00
-2.425000000000000266e+00,0.000000000000000000e+00
-2.400000000000000355e+00,0.000000000000000000e+00
-2.375000000000000000e+00,0.000000000000000000e+00
-2.350000000000000089e+00,0.000000000000000000e+00
-2.325000000000000178e+00,0.000000000000000000e+00
-2.300000000000000266e+00,0.000000000000000000e+00
-2.274999999999999911e+00,0.000000000000000000e+00
-2.250000000000000000e+00,0.000000000000000000e+00
-2.225000000000000089e+00,0.000000000000000000e+00
-2.200000000000000178e+00,0.000000000000000000e+00
-2.175000000000000266e+00,0.000000000000000000e+00
-2.149999999999999911e+00,0.000000000000000000e+00
-2.125000000000000000e+00,0.000000000000000000e+00
-2.100000000000000089e+00,0.000000000000000000e+00
-2.075000000000000178e+00,0.000000000000000000e+00
-2.050000000000000266e+00,0.000000000000000000e+00
-2.024999999999999911e+00,0.000000000000000000e+00
-2.000000000000000000e+00,0.000000000000000000e+00
-1.975000000000000089e+00,0.000000000000000000e+00
-1.950000000000000178e+00,5.096918672355395252e-02
-1.925000000000000044e+00,8.124166565944085372e-02
-1.900000000000000133e+00,5.516064655056829302e-02
-1.875000000000000000e+00,1.095265067047905376e-02
-1.850000000000000089e+00,0.000000000000000000e+00
-1.825000000000000178e+00,0.000000000000000000e+00
-1.800000000000000044e+00,0.000000000000000000e+00
-1.775000000000000133e+00,0.000000000000000000e+00
-1.750000000000000000e+00,0.000000000000000000e+00
-1.725000000000000089e+00,0.000000000000000000e+00
-1.700000000000000178e+00,0.000000000000000000e+00
-1.675000000000000044e+00,6.157728904807458457e-03
-1.650000000000000133e+00,2.963069242567388864e-02
-1.625000000000000000e+00,5.945383278971161367e-02
-1.600000000000000089e+00,8.092304051475633642e-02
-1.575000000000000178e+00,8.546784754922055749e-02
-1.550000000000000044e+00,7.363270901443647043e-02
-1.525000000000000133e+00,5.314037427412403314e-02
-1.500000000000000000e+00,3.431502176870682153e-02
-1.475000000000000089e+00,2.527366438433873916e-02
-1.450000000000000178e+00,2.890703206612435169e-02
-1.425000000000000044e+00,4.263631664128368637e-02
-1.400000000000000133e+00,6.057968000605677000e-02
-1.375000000000000000e+00,7.672529400246724807e-02
-1.350000000000000089e+00,8.749105172553586773e-02
-1.325000000000000178e+00,9.267313016125071357e-02
-1.300000000000000044e+00,9.477610036764433366e-02
-1.275000000000000133e+00,9.746080801184045517e-02
-1.250000000000000000e+00,1.039901593687455189e-01
-1.225000000000000089e+00,1.161845609942845914e-01
-1.200000000000000178e+00,1.339074641561212309e-01
-1.175000000000000044e+00,1.548706709816616844e-01
-1.150000000000000133e+00,1.747005280452679499e-01
-1.125000000000000000e+00,1.875436829467420630e-01
-1.100000000000000089e+00,1.876518079027264807e-01
-1.074999999999999956e+00,1.720958380252362308e-01
-1.050000000000000044e+00,1.440479510742072033e-01
-1.025000000000000133e+00,1.152919339800112797e-01
-1.000000000000000000e+00,1.062915134763177255e-01
-9.750000000000000888e-01,1.426273169354062564e-01
-9.500000000000000666e-01,2.478791338748472517e-01
-9.250000000000000444e-01,4.346218519565918648e-01
-9.000000000000000222e-01,6.964304429576656519e-01
-8.750000000000000000e-01,1.004058313435720828e+00
-8.500000000000000888e-01,1.308044298588950438e+00
-8.250000000000000666e-01,1.548160533008331674e+00
-8.000000000000000444e-01,1.667928671478406955e+00
-7.750000000000000222e-01,1.630603788174341373e+00
-7.500000000000000000e-01,1.432108469618698976e+00
-7.250000000000000888e-01,1.106645158782546545e+00
-7.000000000000000666e-01,7.220402145066794342e-01
-6.750000000000000444e-01,3.639413760043728185e-01
-6.500000000000000222e-01,1.103360464708656036e-01
-6.250000000000000000e-01,0.000000000000000000e+00
-6.000000000000000888e-01,0.000000000000000000e+00
-5.750000000000000666e-01,0.000000000000000000e+00
-5.500000000000000444e-01,0.000000000000000000e+00
-5.250000000000000222e-01,0.000000000000000000e+00
-5.000000000000000000e-01,0.000000000000000000e+00
-4.750000000000000333e-01,4.037276997636341652e-02
-4.500000000000000111e-01,1.159723480208330187e-01
-4.250000000000000444e-01,1.928395625912013855e-01
-4.000000000000000222e-01,2.357169503866227145e-01
-3.750000000000000000e-01,2.264763030030977897e-01
-3.500000000000000333e-01,1.709886780975787557e-01
-3.250000000000000111e-01,9.478075547824568736e-02
-3.000000000000000444e-01,3.028807912691120624e-02
-2.750000000000000222e-01,0.000000000000000000e+00
-2.500000000000000000e-01,0.000000000000000000e+00
-2.250000000000000056e-01,0.000000000000000000e+00
-2.000000000000000111e-01,1.003725916011535650e-02
-1.750000000000000167e-01,8.945252719404681030e-02
-1.500000000000000222e-01,2.562815530353560467e-01
-1.250000000000000000e-01,4.955066584365472315e-01
-1.000000000000000056e-01,7.693832807446753241e-01
-7.500000000000001110e-02,1.028691302449605605e+00
-5.000000000000000278e-02,1.224053033537999768e+00
-2.500000000000000139e-02,1.316465805964074587e+00
0.000000000000000000e+00,1.285930226436917234e+00
2.500000000000000139e-02,1.136746795355837891e+00
5.000000000000000278e-02,8.980339360196453180e-01
7.500000000000001110e-02,6.185551030000493444e-01
1.000000000000000056e-01,3.560945860937161367e-01
1.250000000000000000e-01,1.631879844081510489e-01
1.500000000000000222e-01,7.255535166951222747e-02
1.750000000000000167e-01,8.654084610852975923e-02
2.000000000000000111e-01,1.747101651728222849e-01
2.250000000000000056e-01,2.821830813878411504e-01
2.500000000000000000e-01,3.483098440306540144e-01
2.750000000000000222e-01,3.313585554318848048e-01
3.000000000000000444e-01,2.307416655473874256e-01
3.250000000000000111e-01,9.497245777663156086e-02
3.500000000000000333e-01,2.034130036363886174e-03
3.750000000000000000e-01,0.000000000000000000e+00
4.000000000000000222e-01,0.000000000000000000e+00
4.250000000000000444e-01,0.000000000000000000e+00
4.500000000000000111e-01,0.000000000000000000e+00
4.750000000000000333e-01,0.000000000000000000e+00
5.000000000000000000e-01,0.000000000000000000e+00
5.250000000000000222e-01,0.000000000000000000e+00
5.500000000000000444e-01,0.000000000000000000e+00
5.750000000000000666e-01,0.000000000000000000e+00
6.000000000000000888e-01,3.504504648325414418e-01
6.250000000000000000e-01,1.101731796967580168e+00
6.500000000000000222e-01,1.863722848614847605e+00
6.750000000000000444e-01,2.170667911114421145e+00
7.000000000000000666e-01,1.800376843853143116e+00
7.250000000000000888e-01,9.529266537587898211e-01
7.500000000000000000e-01,1.852614023976767443e-01
7.750000000000000222e-01,0.000000000000000000e+00
8.000000000000000444e-01,0.000000000000000000e+00
8.250000000000000666e-01,0.000000000000000000e+00
8.500000000000000888e-01,0.000000000000000000e+00
8.750000000000000000e-01,0.000000000000000000e+00
9.000000000000000222e-01,0.000000000000000000e+00
9.250000000000000444e-01,0.000000000000000000e+00
9.500000000000000666e-01,0.000000000000000000e+00
9.750000000000000888e-01,0.000000000000000000e+00
1.000000000000000000e+00,0.000000000000000000e+00
1.025000000000000133e+00,0.000000000000000000e+00
1.050000000000000044e+00,0.000000000000000000e+00
1.074999999999999956e+00,0.000000000000000000e+00
1.100000000000000089e+00,0.000000000000000000e+00
1.125000000000000000e+00,0.000000000000000000e+00
1.150000000000000133e+00,0.000000000000000000e+00
1.175000000000000044e+00,0.000000000000000000e+00
1.200000000000000178e+00,0.000000000000000000e+00
1.225000000000000089e+00,0.000000000000000000e+00
1.250000000000000000e+00,0.000000000000000000e+00
1.275000000000000133e+00,0.000000000000000000e+00
1.300000000000000044e+00,0.000000000000000000e+00
1.325000000000000178e+00,0.000000000000000000e+00
1.350000000000000089e+00,0.000000000000000000e+00
1.375000000000000000e+00,0.000000000000000000e+00
1.400000000000000133e+00,0.000000000000000000e+00
1.425000000000000044e+00,0.000000000000000000e+00
1.450000000000000178e+00,0.000000000000000000e+00
1.475000000000000089e+00,0.000000000000000000e+00
1.500000000000000000e+00,0.000000000000000000e+00
1.525000000000000133e+00,0.000000000000000000e+00
1.550000000000000044e+00,0.000000000000000000e+00
1.575000000000000178e+00,3.233633366292143485e-02
1.600000000000000089e+00,6.039817391959571152e-02
1.625000000000000000e+00,4.680603192305763521e-02
1.650000000000000133e+00,1.186849808591459304e-02
1.675000000000000044e+00,0.000000000000000000e+00
1.700000000000000178e+00,0.000000000000000000e+00
1.725000000000000089e+00,0.000000000000000000e+00
1.750000000000000000e+00,0.000000000000000000e+00
1.775000000000000133e+00,0.000000000000000000e+00
1.800000000000000044e+00,0.000000000000000000e+00
1.825000000000000178e+00,0.000000000000000000e+00
1.850000000000000089e+00,0.000000000000000000e+00
1.875000000000000000e+00,0.000000000000000000e+00
1.900000000000000133e+00,8.042966112753017344e-03
1.925000000000000044e+00,1.775825290160147271e-02
1.950000000000000178e+00,1.671446549221144995e-02
1.975000000000000089e+00,6.386298956101479560e-03
2.000000000000000000e+00,0.000000000000000000e+00
2.024999999999999911e+00,0.000000000000000000e+00
2.050000000000000266e+00,0.000000000000000000e+00
2.075000000000000178e+00,0.000000000000000000e+00
2.100000000000000089e+00,0.000000000000000000e+00
2.125000000000000000e+00,0.000000000000000000e+00
2.149999999999999911e+00,0.000000000000000000e+00
2.175000000000000266e+00,0.000000000000000000e+00
2.200000000000000178e+00,0.000000000000000000e+00
2.225000000000000089e+00,0.000000000000000000e+00
2.250000000000000000e+00,9.146958546314785249e-03
2.274999999999999911e+00,1.903244307257777670e-02
2.300000000000000266e+00,1.672934474521209705e-02
2.325000000000000178e+00,5.214520452085012921e-03
2.350000000000000089e+00,0.000000000000000000e+00
2.375000000000000000e+00,0.000000000000000000e+00
2.400000000000000355e+00,0.000000000000000000e+00
2.425000000000000266e+00,0.000000000000000000e+00
2.450000000000000178e+00,0.000000000000000000e+00
2.475000000000000089e+00,0.000000000000000000e+00
2.500000000000000000e+00,0.000000000000000000e+00
2.525000000000000355e+00,0.000000000000000000e+00
2.550000000000000266e+00,0.000000000000000000e+00
2.575000000000000178e+00,0.000000000000000000e+00
2.600000000000000089e+00,0.000000000000000000e+00
2.625000000000000000e+00,0.000000000000000000e+00
2.650000000000000355e+00,0.000000000000000000e+00
2.675000000000000266e+00,0.000000000000000000e+00
2.700000000000000178e+00,9.811973099161940687e-03
2.725000000000000089e+00,1.902145529016987038e-02
2.750000000000000000e+00,1.499048775807241933e-02
2.775000000000000355e+00,3.206697198515756457e-03
2.800000000000000266e+00,0.000000000000000000e+00
2.825000000000000178e+00,0.000000000000000000e+00
2.850000000000000089e+00,0.000000000000000000e+00
2.875000000000000000e+00,0.000000000000000000e+00
2.900000000000000355e+00,0.000000000000000000e+00
2.925000000000000266e+00,0.000000000000000000e+00
2.950000000000000178e+00,0.000000000000000000e+00
2.975000000000000089e+00,0.000000000000000000e+00
3.000000000000000000e+00,0.000000000000000000e+00
3.025000000000000355e+00,0.000000000000000000e+00
3.050000000000000266e+00,1.792775878882124120e-03
3.075000000000000178e+00,6.237865382755746792e-03
3.100000000000000089e+00,4.641542109167533757e-03
3.125000000000000000e+00,0.000000000000000000e+00
3.150000000000000355e+00,0.000000000000000000e+00
3.175000000000000266e+00,0.000000000000000000e+00
3.200000000000000178e+00,0.000000000000000000e+00
3.225000000000000089e+00,0.000000000000000000e+00
3.250000000000000000e+00,0.000000000000000000e+00
3.275000000000000355e+00,0.000000000000000000e+00
3.300000000000000266e+00,0.000000000000000000e+00
3.325000000000000178e+00,0.000000000000000000e+00
3.350000000000000089e+00,0.000000000000000000e+00
3.375000000000000000e+00,0.000000000000000000e+00
3.400000000000000355e+00,0.000000000000000000e+00
3.425000000000000266e+00,8.902823226969669435e-03
3.450000000000000178e+00,1.361843996330298380e-02
3.475000000000000089e+00,6.833156325372870959e-03
3.500000000000000000e+00,0.000000000000000000e+00
3.525000000000000355e+00,0.000000000000000000e+00
3.550000000000000266e+00,0.000000000000000000e+00
3.575000000000000178e+00,0.000000000000000000e+00
3.600000000000000089e+00,0.000000000000000000e+00
3.625000000000000000e+00,0.000000000000000000e+00
3.650000000000000355e+00,0.000000000000000000e+00
3.675000000000000266e+00,0.000000000000000000e+00
3.700000000000000178e+00,0.000000000000000000e+00
3.725000000000000089e+00,0.000000000000000000e+00
3.750000000000000000e+00,0.000000000000000000e+00
3.775000000000000355e+00,0.000000000000000000e+00
3.800000000000000266e+00,0.000000000000000000e+00
3.825000000000000178e+00,0.000000000000000000e+00
3.850000000000000089e+00,0.000000000000000000e+00
3.875000000000000000e+00,2.951486116404248346e-03
3.900000000000000355e+00,6.005309166423717163e-03
3.925000000000000266e+00,4.628480730121880410e-03
3.950000000000000178e+00,8.954160787682948451e-04
3.975000000000000089e+00,0.000000000000000000e+00
4.000000000000000000e+00,0.000000000000000000e+00
4.025000000000000355e+00,0.000000000000000000e+00
4.049999999999999822e+00,0.000000000000000000e+00
4.075000000000000178e+00,0.000000000000000000e+00
4.100000000000000533e+00,0.000000000000000000e+00
4.125000000000000000e+00,0.000000000000000000e+00
4.150000000000000355e+00,1.335418320406316171e-03
4.174999999999999822e+00,4.374996543208907462e-03
4.200000000000000178e+00,5.603367504909553994e-03
4.225000000000000533e+00,3.532614060578934557e-03
4.250000000000000000e+00,5.041589067693117571e-04
4.275000000000000355e+00,0.000000000000000000e+00
4.299999999999999822e+00,0.000000000000000000e+00
4.325000000000000178e+00,0.000000000000000000e+00
4.350000000000000533e+00,0.000000000000000000e+00
4.375000000000000000e+00,0.000000000000000000e+00
4.400000000000000355e+00,0.000000000000000000e+00
4.424999999999999822e+00,0.000000000000000000e+00
4.450000000000000178e+00,0.000000000000000000e+00
4.475000000000000533e+00,0.000000000000000000e+00
4.500000000000000000e+00,0.000000000000000000e+00
4.525000000000000355e+00,0.000000000000000000e+00
4.549999999999999822e+00,1.180012871468864334e-03
4.575000000000000178e+00,2.010345860338103030e-03
4.600000000000000533e+00,1.567701515935637432e-03
4.625000000000000000e+00,4.866166579811103429e-04
4.650000000000000355e+00,0.000000000000000000e+00
4.674999999999999822e+00,0.000000000000000000e+00
4.700000000000000178e+00,0.000000000000000000e+00
4.725000000000000533e+00,0.000000000000000000e+00
4.750000000000000000e+00,2.075003206695388033e-04
4.775000000000000355e+00,1.674340469830262008e-03
4.800000000000000711e+00,3.314518069268709063e-03
4.825000000000000178e+00,3.714920872127377288e-03
4.850000000000000533e+00,2.504056076313061069e-03
4.875000000000000000e+00,7.443140497641137715e-04
4.900000000000000355e+00,0.000000000000000000e+00
4.925000000000000711e+00,0.000000000000000000e+00
4.950000000000000178e+00,0.000000000000000000e+00
4.975000000000000533e+00,0.000000000000000000e+00
5.000000000000000000e+00,0.000000000000000000e+00
5.025000000000000355e+00,0.000000000000000000e+00
5.050000000000000711e+00,0.000000000000000000e+00
5.075000000000000178e+00,0.000000000000000000e+00
5.100000000000000533e+00,7.982419738569447283e-04
5.125000000000000000e+00,3.226989077790602071e-03
5.150000000000000355e+00,4.649882161707254505e-03
5.175000000000000711e+00,3.393083181577134701e-03
5.200000000000000178e+00,8.358140586439462977e-04
5.225000000000000533e+00,0.000000000000000000e+00
5.250000000000000000e+00,0.000000000000000000e+00
5.275000000000000355e+00,0.000000000000000000e+00
5.300000000000000711e+00,0.000000000000000000e+00
5.325000000000000178e+00,0.000000000000000000e+00
5.350000000000000533e+00,0.000000000000000000e+00
5.375000000000000000e+00,0.000000000000000000e+00
5.400000000000000355e+00,0.000000000000000000e+00
5.425000000000000711e+00,0.000000000000000000e+00
5.450000000000000178e+00,0.000000000000000000e+00
5.475000000000000533e+00,0.000000000000000000e+00
5.500000000000000000e+00,0.000000000000000000e+00
5.525000000000000355e+00,0.000000000000000000e+00
5.550000000000000711e+00,0.000000000000000000e+00
5.575000000000000178e+00,0.000000000000000000e+00
5.600000000000000533e+00,0.000000000000000000e+00
5.625000000000000000e+00,5.429134496974404294e-04
5.650000000000000355e+00,3.996564556305195678e-03
5.675000000000000711e+00,4.765242350217913092e-03
5.700000000000000178e+00,1.720668772114697116e-03
5.725000000000000533e+00,0.000000000000000000e+00
5.750000000000000000e+00,0.000000000000000000e+00
5.775000000000000355e+00,0.000000000000000000e+00
5.800000000000000711e+00,0.000000000000000000e+00
5.825000000000000178e+00,0.000000000000000000e+00
5.850000000000000533e+00,0.000000000000000000e+00
5.875000000000000000e+00,0.000000000000000000e+00
5.900000000000000355e+00,0.000000000000000000e+00
5.925000000000000711e+00,0.000000000000000000e+00
5.950000000000000178e+00,0.000000000000000000e+00
5.975000000000000533e+00,0.000000000000000000e+00
6.000000000000000000e+00,0.000000000000000000e+00
6.025000000000000355e+00,0.000000000000000000e+00
6.050000000000000711e+00,0.000000000000000000e+00
6.075000000000000178e+00,0.000000000000000000e+00
6.100000000000000533e+00,0.000000000000000000e+00
6.125000000000000000e+00,4.419720149303810446e-04
6.150000000000000355e+00,5.287721962107356892e-03
6.175000000000000711e+00,7.043087175881358915e-03
6.200000000000000178e+00,3.294915213890956419e-03
6.225000000000000533e+00,0.000000000000000000e+00
6.250000000000000000e+00,0.000000000000000000e+00
6.275000000000000355e+00,0.000000000000000000e+00
6.300000000000000711e+00,0.000000000000000000e+00
6.325000000000000178e+00,0.000000000000000000e+00
6.350000000000000533e+00,0.000000000000000000e+00
6.375000000000000000e+00,0.000000000000000000e+00
6.400000000000000355e+00,0.000000000000000000e+00
6.425000000000000711e+00,0.000000000000000000e+00
6.450000000000000178e+00,0.000000000000000000e+00
6.475000000000000533e+00,0.000000000000000000e+00
6.500000000000000000e+00,0.000000000000000000e+00
6.525000000000000355e+00,0.000000000000000000e+00
6.550000000000000711e+00,0.000000000000000000e+00
6.575000000000000178e+00,0.000000000000000000e+00
6.600000000000000533e+00,0.000000000000000000e+00
6.625000000000000000e+00,0.000000000000000000e+00
6.650000000000000355e+00,0.000000000000000000e+00
6.675000000000000711e+00,0.000000000000000000e+00
6.700000000000000178e+00,0.000000000000000000e+00
6.725000000000000533e+00,2.868902001118071778e-03
6.750000000000000000e+00,5.571314643436508889e-03
6.775000000000000355e+00,3.202256424009695523e-03
6.800000000000000711e+00,0.000000000000000000e+00
6.825000000000000178e+00,0.000000000000000000e+00
6.850000000000000533e+00,0.000000000000000000e+00
6.875000000000000000e+00,0.000000000000000000e+00
6.900000000000000355e+00,0.000000000000000000e+00
6.925000000000000711e+00,0.000000000000000000e+00
6.950000000000000178e+00,0.000000000000000000e+00
6.975000000000000533e+00,0.000000000000000000e+00
7.000000000000000000e+00,0.000000000000000000e+00
7.025000000000000355e+00,3.992198527082832971e-04
7.050000000000000711e+00,4.910282435555819031e-03
7.075000000000000178e+00,4.824435083831445439e-03
7.100000000000000533e+00,0.000000000000000000e+00
7.125000000000000000e+00,0.000000000000000000e+00
7.150000000000000355e+00,0.000000000000000000e+00
7.175000000000000711e+00,0.000000000000000000e+00
7.200000000000000178e+00,0.000000000000000000e+00
7.225000000000000533e+00,0.000000000000000000e+00
7.250000000000000000e+00,0.000000000000000000e+00
7.275000000000000355e+00,0.000000000000000000e+00
7.300000000000000711e+00,0.000000000000000000e+00
7.325000000000000178e+00,0.000000000000000000e+00
7.350000000000000533e+00,0.000000000000000000e+00
7.375000000000000000e+00,0.000000000000000000e+00
7.400000000000000355e+00,0.000000000000000000e+00
7.425000000000000711e+00,0.000000000000000000e+00
7.450000000000000178e+00,0.000000000000000000e+00
7.475000000000000533e+00,0.000000000000000000e+00
