radius_mm,noiseless_mean_intensity,observed_mean_intensity,noise_sigma,reconstructed_profile
2.000000000000000042e-03,1.267107335674110685e-02,1.025469422726126879e-02,1.842928150957773596e-03,1.270646973864155739e-02
6.000000000000000125e-03,1.267935739745119569e-02,1.244713653927202388e-02,1.303345632340362822e-03,1.271483417236271216e-02
1.000000000000000021e-02,1.269762214095375430e-02,1.208723857181932641e-02,8.245850796151018040e-04,1.273327630227833948e-02
1.400000000000000029e-02,1.272424491820159029e-02,1.105195016727359564e-02,8.249885592873636240e-04,1.276015789115642583e-02
1.800000000000000211e-02,1.275671420676170904e-02,1.212347264482971886e-02,6.976582540230274196e-04,1.279294318635424907e-02
2.199999999999999872e-02,1.279629366899000427e-02,1.302726667124544553e-02,6.530731877653291094e-04,1.283290817963172667e-02
2.600000000000000228e-02,1.284776420456804416e-02,1.256100862884593911e-02,5.574675306950014741e-04,1.288488023774776552e-02
2.999999999999999889e-02,1.291184405866361087e-02,1.297555151609304167e-02,5.133959715862564761e-04,1.294958397722693715e-02
3.400000000000000244e-02,1.298102191158488974e-02,1.316909339824104928e-02,5.350333119650985819e-04,1.301943362846995356e-02
3.799999999999999906e-02,1.305624816937972499e-02,1.339970915748382729e-02,4.792028812637687978e-04,1.309538658395720256e-02
4.200000000000000261e-02,1.314468788418272915e-02,1.289840792351231585e-02,4.508544819055088147e-04,1.318467323659187895e-02
4.599999999999999922e-02,1.323872195527230761e-02,1.358617774742393834e-02,4.655198870892251150e-04,1.327959595445110316e-02
5.000000000000000278e-02,1.334915218192928021e-02,1.366926012972777098e-02,3.890425271680049207e-04,1.339104801895072729e-02
5.399999999999999939e-02,1.347279699048200066e-02,1.309550486094128961e-02,4.289889965347688685e-04,1.351580442284658172e-02
5.800000000000000294e-02,1.360270361315412888e-02,1.378333175700922203e-02,3.748513279498562291e-04,1.364682897707606216e-02
6.199999999999999956e-02,1.374924809568295672e-02,1.370174925600576611e-02,3.835772418931404095e-04,1.379456584793496005e-02
6.600000000000000311e-02,1.390152287858634900e-02,1.369298493081091278e-02,3.768389767432924744e-04,1.394798650805648479e-02
7.000000000000000666e-02,1.406252182887390845e-02,1.445020139220734752e-02,3.636397906663924582e-04,1.411008012777609233e-02
7.399999999999999634e-02,1.423294958452111375e-02,1.449452449259157685e-02,3.716707961285269785e-04,1.428152461339730200e-02
7.799999999999999989e-02,1.443277038508033322e-02,1.487917502119255955e-02,3.214518981183006456e-04,1.448232825964771049e-02
8.200000000000000344e-02,1.465870038636840622e-02,1.495023715687630872e-02,3.323396194792879255e-04,1.470910347571033686e-02
8.600000000000000699e-02,1.488901013095960367e-02,1.489826266054131328e-02,3.336495288050272631e-04,1.493997232766682698e-02
8.999999999999999667e-02,1.512446297136325196e-02,1.490502318961785082e-02,3.300204036214769406e-04,1.517569198812025733e-02
9.400000000000000022e-02,1.537763045841395761e-02,1.542028620468447603e-02,3.266585726194311083e-04,1.542883215822248542e-02
9.800000000000000377e-02,1.566791031717807217e-02,1.577436777806024218e-02,2.961374912312302542e-04,1.571872872335607768e-02
1.020000000000000073e-01,1.598373424725571187e-02,1.606700089159186426e-02,3.166629779478725829e-04,1.603380501924097506e-02
1.059999999999999970e-01,1.630322695620240944e-02,1.660824437866582556e-02,3.064511010022563740e-04,1.635227131935806238e-02
1.100000000000000006e-01,1.665862429979265286e-02,1.616236722085475155e-02,2.941967609714469752e-04,1.670633079386421582e-02
1.140000000000000041e-01,1.704298906450660983e-02,1.704594545788840759e-02,3.028113862664934524e-04,1.708914070485072906e-02
1.180000000000000077e-01,1.743947749338797815e-02,1.787487702496794867e-02,2.946049191815126563e-04,1.748401770152564760e-02
1.219999999999999973e-01,1.788833149613437007e-02,1.798136897818325766e-02,2.874426806043177537e-04,1.793114299850280188e-02
1.260000000000000009e-01,1.838011922687962305e-02,1.898038509664047233e-02,2.838811855633652259e-04,1.842123591489844281e-02
1.300000000000000044e-01,1.890627680442446071e-02,1.883203708069808996e-02,2.833788100946076972e-04,1.894586189733264356e-02
1.340000000000000080e-01,1.947022315951312671e-02,1.974664177056701525e-02,2.885486975904753642e-04,1.950850778541884586e-02
1.380000000000000115e-01,2.005611639896537693e-02,2.039641492006363105e-02,2.854825292830749303e-04,2.009341657228450734e-02
1.420000000000000151e-01,2.069143948491630053e-02,2.079569281690875349e-02,2.908518634186924566e-04,2.072805719130017821e-02
1.459999999999999909e-01,2.140665965054492845e-02,2.140163069823883268e-02,2.712548996707321342e-04,2.144294674315636723e-02
1.499999999999999944e-01,2.222425810845145983e-02,2.242920351677620688e-02,2.743257685151303995e-04,2.226064652219133383e-02
1.539999999999999980e-01,2.310793720262711154e-02,2.279932429690172471e-02,2.776066373258222826e-04,2.314493787592478147e-02
1.580000000000000016e-01,2.401703242997207943e-02,2.371751537424190634e-02,2.881160282841795680e-04,2.405513165858704644e-02
1.620000000000000051e-01,2.503624283594702710e-02,2.507952185837663758e-02,2.757376220666578619e-04,2.507607270091181256e-02
1.660000000000000087e-01,2.617681180002841279e-02,2.640835998813850782e-02,2.796866784045635014e-04,2.621911120288270003e-02
1.700000000000000122e-01,2.743162856988262677e-02,2.735386098203319155e-02,2.818083802879809384e-04,2.747722233263377029e-02
1.740000000000000158e-01,2.886068553808966708e-02,2.881372911316916821e-02,2.762955575145400913e-04,2.891067749281138466e-02
1.779999999999999916e-01,3.045941724239257034e-02,3.061981925297618465e-02,2.813430354491853959e-04,3.051501108823476832e-02
1.819999999999999951e-01,3.225922990557324177e-02,3.265157905317610243e-02,2.829614364111204881e-04,3.232180888828077581e-02
1.859999999999999987e-01,3.421170301753366505e-02,3.423190781245158409e-02,2.949325074654903932e-04,3.428237925176640111e-02
1.900000000000000022e-01,3.635677672946144301e-02,3.676745737992897362e-02,2.992266344245642453e-04,3.643651494783385625e-02
1.940000000000000058e-01,3.893083930511948010e-02,3.893215168940526716e-02,2.871497848295441794e-04,3.902080927139134348e-02
1.980000000000000093e-01,4.188739169947915814e-02,4.232879062474950715e-02,3.045364026817711737e-04,4.198689178798994948e-02
2.020000000000000129e-01,4.527812580037182677e-02,4.513803764365942328e-02,3.037271705599883884e-04,4.538350029301687488e-02
2.060000000000000164e-01,4.911743817485286767e-02,4.905554279503943765e-02,3.213643757048434109e-04,4.922085007825796610e-02
2.099999999999999922e-01,5.359629218846391485e-02,5.377460956502064932e-02,3.221883353847936125e-04,5.368412613102654246e-02
2.139999999999999958e-01,5.910547965733983777e-02,5.936468214520354558e-02,3.215252442107821530e-04,5.915616343858547815e-02
2.179999999999999993e-01,6.551205188792677547e-02,6.535504713375810126e-02,3.513906497275309814e-04,6.550222353232465489e-02
2.220000000000000029e-01,7.307769328677410359e-02,7.279213423714972486e-02,3.507169488515794417e-04,7.298701663454701394e-02
2.260000000000000064e-01,8.235102164943207403e-02,8.207235309438724868e-02,3.667632858485612231e-04,8.217026752880399187e-02
2.300000000000000100e-01,9.353842966839931439e-02,9.235274187668021662e-02,3.852329637475113209e-04,9.328552082543059565e-02
2.340000000000000135e-01,1.069295275248931393e-01,1.077410070668336217e-01,3.997195193028500564e-04,1.066549429406125488e-01
2.380000000000000171e-01,1.223067670788343803e-01,1.222371038271599791e-01,4.459226896814338882e-04,1.220828218593475456e-01
2.419999999999999929e-01,1.399317683718057925e-01,1.392415899874424601e-01,4.507767687293348625e-04,1.398328024219658572e-01
2.459999999999999964e-01,1.615093376060854902e-01,1.614456764427974478e-01,4.621726571920162533e-04,1.615968882038084642e-01
2.500000000000000000e-01,1.857841252216392292e-01,1.858233709520680510e-01,5.028757266879847017e-04,1.860541717819622631e-01
2.540000000000000036e-01,2.107427602261682242e-01,2.112027396684418579e-01,5.306161044321122938e-04,2.111121475547398652e-01
2.580000000000000071e-01,2.351166527321177646e-01,2.350766388366543613e-01,5.792290166006890378e-04,2.354673701363498295e-01
2.620000000000000107e-01,2.583238465217145841e-01,2.578907894894135189e-01,5.645524305776762272e-04,2.585443670681510930e-01
2.660000000000000142e-01,2.788686901428915066e-01,2.795563849323242089e-01,5.938068698907389767e-04,2.789072140798227739e-01
2.700000000000000178e-01,2.935863118385527160e-01,2.936999620298733626e-01,5.999282587937026200e-04,2.934989421521420061e-01
2.740000000000000213e-01,3.011202850937987341e-01,3.013862949622714837e-01,6.072193066137894675e-04,3.010408652045086231e-01
2.780000000000000249e-01,3.010422289454001143e-01,3.021444616341666944e-01,6.158388480058897465e-04,3.011011829846603205e-01
2.820000000000000284e-01,2.936712499065478044e-01,2.943116866825729039e-01,5.689545641967585273e-04,2.939181512414876796e-01
2.860000000000000320e-01,2.805395705952558050e-01,2.800261954615568816e-01,5.816769992156967757e-04,2.808885460655888289e-01
2.899999999999999800e-01,2.648125174806829074e-01,2.650897203177758898e-01,5.509996029753590294e-04,2.650822363140171722e-01
2.939999999999999836e-01,2.491134229259833188e-01,2.494125099205106721e-01,5.424125823721334108e-04,2.491573569973518920e-01
2.979999999999999871e-01,2.358990786424616792e-01,2.349074216044789998e-01,5.044507987668226875e-04,2.357007363697548596e-01
3.019999999999999907e-01,2.276743152490149358e-01,2.279890917766575764e-01,5.043657253674518675e-04,2.273898668430054670e-01
3.059999999999999942e-01,2.258186017083750885e-01,2.257637850330473372e-01,5.133295615053973856e-04,2.256739823380036203e-01
3.099999999999999978e-01,2.300179309741810785e-01,2.301841252541474703e-01,4.984915568902189382e-04,2.301521520199661386e-01
3.140000000000000013e-01,2.394402286436286831e-01,2.393890546793606966e-01,5.039248243970807610e-04,2.398140241556881991e-01
3.180000000000000049e-01,2.516536010641146071e-01,2.519802828878798806e-01,5.200781690231049640e-04,2.520513341308471267e-01
3.220000000000000084e-01,2.637153962857681777e-01,2.635852493187522128e-01,5.132850567794060900e-04,2.639129982718610989e-01
3.260000000000000120e-01,2.724236294617465304e-01,2.722532352288871138e-01,5.399898650262273479e-04,2.723670692255636405e-01
3.300000000000000155e-01,2.751042237138204283e-01,2.758070818797553891e-01,5.256804239496410671e-04,2.749613190449542444e-01
3.340000000000000191e-01,2.711056137977756464e-01,2.709488399153158755e-01,5.240427296488913908e-04,2.711205582198344954e-01
3.380000000000000226e-01,2.611207343384496227e-01,2.621260699514157966e-01,5.089617309299142994e-04,2.614228157015842102e-01
3.420000000000000262e-01,2.478919183436370244e-01,2.481725310182545108e-01,4.965973679065253292e-04,2.483741193958616256e-01
3.460000000000000298e-01,2.347693504137730591e-01,2.350080641486254340e-01,4.769020221163861105e-04,2.351743554454624463e-01
3.500000000000000333e-01,2.257518873484540833e-01,2.257673258562347129e-01,4.631529053174306544e-04,2.258862375979833470e-01
3.539999999999999813e-01,2.236381401727026985e-01,2.245417632466059354e-01,4.695724416292843808e-04,2.235326785160521024e-01
3.579999999999999849e-01,2.296098912006225290e-01,2.299112394780488122e-01,4.651983211650019285e-04,2.294712676118901007e-01
3.619999999999999885e-01,2.427505517023395565e-01,2.424639348715911524e-01,4.792577517279971474e-04,2.427571604227917179e-01
3.659999999999999920e-01,2.606137462301357788e-01,2.601110470021601451e-01,4.772244413366239272e-04,2.607592437506021654e-01
3.699999999999999956e-01,2.775844643088893338e-01,2.777502956998029182e-01,5.017937345069404566e-04,2.776957117726879254e-01
3.739999999999999991e-01,2.876425227701496778e-01,2.882724834530159819e-01,5.121293737525698568e-04,2.875890549358278148e-01
3.780000000000000027e-01,2.865550484855517999e-01,2.866247195229110201e-01,4.992171425029736558e-04,2.863881963674938524e-01
3.820000000000000062e-01,2.722897897803022715e-01,2.720236730366853983e-01,4.905053121272855187e-04,2.721852405189214563e-01
3.860000000000000098e-01,2.461289433290990147e-01,2.462625754526055755e-01,4.614457099624266279e-04,2.462049377950171480e-01
3.900000000000000133e-01,2.129962657159385486e-01,2.131894560903802027e-01,4.383401833212844842e-04,2.132057744635449670e-01
3.940000000000000169e-01,1.772677873831085271e-01,1.766459605960655488e-01,3.932574747388671880e-04,1.774757046852752373e-01
3.980000000000000204e-01,1.430232822047408092e-01,1.426964944169000493e-01,3.519077412292323883e-04,1.431335250503505963e-01
4.020000000000000240e-01,1.137461734206487163e-01,1.137959247410509495e-01,3.205641229263984059e-04,1.137579721129354515e-01
4.060000000000000275e-01,9.039653872329070361e-02,9.101815663043066884e-02,2.871686478876673155e-04,9.035934345891265262e-02
4.100000000000000311e-01,7.239250328722258987e-02,7.216083381007455666e-02,2.597366429100905023e-04,7.234715750212736274e-02
4.140000000000000346e-01,5.860604460872357452e-02,5.845088904684895420e-02,2.353367101151473463e-04,5.856932384404281433e-02
4.179999999999999827e-01,4.826443478941405685e-02,4.779234105658906884e-02,2.161011991311780555e-04,4.823868699078418670e-02
4.219999999999999862e-01,4.046989259288697599e-02,4.026804166139329871e-02,2.053164036506634150e-04,4.045314342602907010e-02
4.259999999999999898e-01,3.457527458761897043e-02,3.451031930254856023e-02,1.928165924498039018e-04,3.456501317857094829e-02
4.299999999999999933e-01,2.997427611079152288e-02,2.990788669811496325e-02,1.852473240647259920e-04,2.996847912251398086e-02
4.339999999999999969e-01,2.615756448187532904e-02,2.634565049808833270e-02,1.684997150377116719e-04,2.615483788171085039e-02
4.380000000000000004e-01,2.301997302119641875e-02,2.277253031292912622e-02,1.656106302851591424e-04,2.301926357189979649e-02
4.420000000000000040e-01,2.050243200969706359e-02,2.050703613209926141e-02,1.604278104322045683e-04,2.050298847164550020e-02
4.460000000000000075e-01,1.837071452720606679e-02,1.844473793741008977e-02,1.506677460543866980e-04,1.837210442609977026e-02
4.500000000000000111e-01,1.655458269882703962e-02,1.626699287013186335e-02,1.489357068834618362e-04,1.655652383222198237e-02
4.540000000000000147e-01,1.501487816737599214e-02,1.510101984396113213e-02,1.419874498210232244e-04,1.501718086699880758e-02
4.580000000000000182e-01,1.369564606952235544e-02,1.366637540180550003e-02,1.415108363721319709e-04,1.369819085627413044e-02
4.620000000000000218e-01,1.257294768699213777e-02,1.255653548583012501e-02,1.382726051619455321e-04,1.257565584235832007e-02
4.660000000000000253e-01,1.157794215779982781e-02,1.140804666649810478e-02,1.320294645798651982e-04,1.158076911847154451e-02
4.700000000000000289e-01,1.069343183862056512e-02,1.071014249774168182e-02,1.315415569614553017e-04,1.069635077652275265e-02
4.740000000000000324e-01,9.912284933216537405e-03,1.008870171554549985e-02,1.263986798396014486e-04,9.915281361801522517e-03
4.780000000000000360e-01,9.220486209150197121e-03,9.155697183851839102e-03,1.272891114841524698e-04,9.223556034226927658e-03
4.819999999999999840e-01,8.606503268954126054e-03,8.533763589449549700e-03,1.229717736441573485e-04,8.609650825727161935e-03
4.859999999999999876e-01,8.047678039370740125e-03,7.818438473098805394e-03,1.199162070313365138e-04,8.050916978199259416e-03
4.899999999999999911e-01,7.555374251812966430e-03,7.442885576975097686e-03,1.234164172724075707e-04,7.558721894855964518e-03
4.939999999999999947e-01,7.112576645555617437e-03,7.130414023368075553e-03,1.159338480249959042e-04,7.116060274272712621e-03
4.979999999999999982e-01,6.702858478138136629e-03,6.791452672279703166e-03,1.181069388256891973e-04,6.706518088878103516e-03
5.020000000000000018e-01,6.334289899967733908e-03,6.392671162225386713e-03,1.138272724251140493e-04,6.338174770867521096e-03
5.060000000000000053e-01,5.992000894990219019e-03,5.887731797102497937e-03,1.123308824504088647e-04,5.996184581221345247e-03
5.100000000000000089e-01,5.684702937144936984e-03,5.721310056889783967e-03,1.143371948679659474e-04,5.689273212142634956e-03
5.140000000000000124e-01,5.409267062790930163e-03,5.404527653533042902e-03,1.109959053488114399e-04,5.414341631747881037e-03
5.180000000000000160e-01,5.149168851436808185e-03,5.174085207748472214e-03,1.094586703700021525e-04,5.154945990388813681e-03
5.220000000000000195e-01,4.909983674432489599e-03,4.932798873250631051e-03,1.082635886820639958e-04,4.916740643700546164e-03
5.260000000000000231e-01,4.690219831495096546e-03,4.596896402720714904e-03,1.073898693236490480e-04,4.698379930081840461e-03
5.300000000000000266e-01,4.488469901122220385e-03,4.524742087596113523e-03,1.076026733197755223e-04,4.498702869732368846e-03
5.340000000000000302e-01,4.303583154371873505e-03,4.326752852561558359e-03,1.050474494687500597e-04,4.316978202653507651e-03
5.380000000000000338e-01,4.130467295361053837e-03,4.106013706677911872e-03,1.053069981828669402e-04,4.148870061457795265e-03
5.420000000000000373e-01,3.971459341224544380e-03,3.923191980238323155e-03,1.036302105914273079e-04,3.997453836488484152e-03
5.460000000000000409e-01,3.824523222433724463e-03,3.794089674480934701e-03,1.041909794697390293e-04,3.860607677412744229e-03
5.500000000000000444e-01,3.687559395388817583e-03,3.779378495898527007e-03,1.018873252773011426e-04,3.733551591046352369e-03
5.540000000000000480e-01,3.560056910164326530e-03,3.580615455792811579e-03,1.012985487146004409e-04,3.610385474890847810e-03
5.580000000000000515e-01,3.443204515190568648e-03,3.713562870476504792e-03,1.031012148074946010e-04,3.489270969972044570e-03
5.620000000000000551e-01,3.336064375754360482e-03,3.244043795767719788e-03,1.004403888171656595e-04,3.372272022057391013e-03
5.660000000000000586e-01,3.234052213216106510e-03,3.194929948716879360e-03,9.992692209656891904e-05,3.259777886348963569e-03
5.700000000000000622e-01,3.137446247198175889e-03,3.126277819957703520e-03,9.685876493252610687e-05,3.155156569116039991e-03
5.740000000000000657e-01,3.048665128234244286e-03,3.005245986596310863e-03,9.962788550535556470e-05,3.061212576391026275e-03
5.779999999999999583e-01,2.967670867634296383e-03,2.913064320120355502e-03,9.807528481216889723e-05,2.977031612509859881e-03
5.819999999999999618e-01,2.893336233611627697e-03,2.912499077866192044e-03,9.896234221451675312e-05,2.900655607856378760e-03
5.859999999999999654e-01,2.823573828334219153e-03,2.674941863156100105e-03,9.640416372460842238e-05,2.829509094000363933e-03
5.899999999999999689e-01,2.757664688746517233e-03,2.763286972937079207e-03,9.581027542488764186e-05,2.762621753970297047e-03
5.939999999999999725e-01,2.697831538480307146e-03,2.862869784089340855e-03,9.710116225816319501e-05,2.702104005482089486e-03
5.979999999999999760e-01,2.642552247348161753e-03,2.570094121984293958e-03,9.549020292664806909e-05,2.646324959375374528e-03
6.019999999999999796e-01,2.591428511709041680e-03,2.482308494412878170e-03,9.494454441733065210e-05,2.594829544877173214e-03
6.059999999999999831e-01,2.544316042561535918e-03,2.465981428051826092e-03,9.501426086807125335e-05,2.547439851372092050e-03
6.099999999999999867e-01,2.500762929692880530e-03,2.331656667294442452e-03,9.275572739415866149e-05,2.503681136048935794e-03
6.139999999999999902e-01,2.461760349498365048e-03,2.449913035866890364e-03,9.622163379854631890e-05,2.464534441771053762e-03
6.179999999999999938e-01,2.426121886046630864e-03,2.449570634283183574e-03,9.144784547337701244e-05,2.428801177834716100e-03
6.219999999999999973e-01,2.393498398961383441e-03,2.441761857603909087e-03,9.302932949886775875e-05,2.396127754233848620e-03
6.260000000000000009e-01,2.364799507066952990e-03,2.266814613319889041e-03,9.276038779792759946e-05,2.367426079458144223e-03
6.300000000000000044e-01,2.339422966893082382e-03,2.255768005619417701e-03,9.157601659922654251e-05,2.342097833441468199e-03
6.340000000000000080e-01,2.317563827716883230e-03,2.347963451494688644e-03,9.359031908769130446e-05,2.320347254808265147e-03
6.380000000000000115e-01,2.298808346409002019e-03,2.190289812555649279e-03,9.004184019509279429e-05,2.301784523097281064e-03
6.420000000000000151e-01,2.283109159667861144e-03,2.322135799409743174e-03,9.216005802612361813e-05,2.286401296284024196e-03
6.460000000000000187e-01,2.270766954184569916e-03,2.285250580990267136e-03,9.102720501291210436e-05,2.274566772536686099e-03
6.500000000000000222e-01,2.261438582031784477e-03,2.220456919785950955e-03,8.976850190166441978e-05,2.266094810937984479e-03
6.540000000000000258e-01,2.255330071825342383e-03,2.182555836991339170e-03,9.098530174869487561e-05,2.261438060794250006e-03
6.580000000000000293e-01,2.252479935284673867e-03,2.180206150505650548e-03,8.889383092780439089e-05,2.260982021877717876e-03
6.620000000000000329e-01,2.252870783160445915e-03,2.262295284529228408e-03,9.189117090286432095e-05,2.264626606441341207e-03
6.660000000000000364e-01,2.256584613648485171e-03,2.329267411977712244e-03,8.857111822664219709e-05,2.271327951836935293e-03
6.700000000000000400e-01,2.263894111989596218e-03,2.269342197244107046e-03,8.826048731348025726e-05,2.279399745948317534e-03
6.740000000000000435e-01,2.274591148219530252e-03,2.126896307211763922e-03,9.067986986176606299e-05,2.288032023331068154e-03
6.780000000000000471e-01,2.289018640450740921e-03,2.229998829118223259e-03,8.719932459800974268e-05,2.299258404485966193e-03
6.820000000000000506e-01,2.307409504641307323e-03,2.294941334260437466e-03,9.006488840753445210e-05,2.315076846828475945e-03
6.860000000000000542e-01,2.329623333883726072e-03,2.379141415984223611e-03,8.778309341708972027e-05,2.335928050794944342e-03
6.900000000000000577e-01,2.356677478114329542e-03,2.211542871158410969e-03,8.737485221658815890e-05,2.362587978089616438e-03
6.940000000000000613e-01,2.388220282851578891e-03,2.370601547008007424e-03,8.858716614184333586e-05,2.394449026653242430e-03
6.980000000000000648e-01,2.424063932098438970e-03,2.361621071760504603e-03,8.802904930773190902e-05,2.430925933138619339e-03
7.020000000000000684e-01,2.465699748480797756e-03,2.540228581194225836e-03,8.765694968521493781e-05,2.473126485516841978e-03
7.059999999999999609e-01,2.513211431555976288e-03,2.534323224800931994e-03,8.699514096433147859e-05,2.521194181174650842e-03
7.099999999999999645e-01,2.566742584454031074e-03,2.444575868499423901e-03,8.807729710692150727e-05,2.575977911887288030e-03
7.139999999999999680e-01,2.626758409004446067e-03,2.680906488455345876e-03,8.759725370741279363e-05,2.638692269288232545e-03
7.179999999999999716e-01,2.693761556196154917e-03,2.660700422941929093e-03,8.792615022831996212e-05,2.709577057081052464e-03
7.219999999999999751e-01,2.769756974949378128e-03,2.815121513893208225e-03,8.703134385710866740e-05,2.788615589212910164e-03
7.259999999999999787e-01,2.855632118741728131e-03,2.913116139591997132e-03,8.664156795114928548e-05,2.874126179456727541e-03
7.299999999999999822e-01,2.951438730763342438e-03,2.969768715622361516e-03,8.795207111422460378e-05,2.966427651620023778e-03
7.339999999999999858e-01,3.057636431864982872e-03,2.978677818906841964e-03,8.775373344350722031e-05,3.068679934016683378e-03
7.379999999999999893e-01,3.180038688155869143e-03,3.220661263474347905e-03,8.540342694176641383e-05,3.188364496792611344e-03
7.419999999999999929e-01,3.319418608550437234e-03,3.357196842724956450e-03,8.748936756350772232e-05,3.326469962994303524e-03
7.459999999999999964e-01,3.471970883850144986e-03,3.375721067886836273e-03,8.771248877200830301e-05,3.478863200033743049e-03
7.500000000000000000e-01,3.644126283720666021e-03,3.614244040287239654e-03,8.858784050894541321e-05,3.651810940027869906e-03
7.540000000000000036e-01,3.840732114983971476e-03,3.911785728990338669e-03,8.727303767045824050e-05,3.850474767229323039e-03
7.580000000000000071e-01,4.064593763331260205e-03,4.102208022677933733e-03,8.884317415115854425e-05,4.078136284869987409e-03
7.620000000000000107e-01,4.320410699102241597e-03,4.266076852333677318e-03,8.870211200156243546e-05,4.339150301938913060e-03
7.660000000000000142e-01,4.613108865116113608e-03,4.691341000600863023e-03,8.938920587832126176e-05,4.635879350019376198e-03
7.700000000000000178e-01,4.955764731952570258e-03,4.943116347967130807e-03,8.944217831366617550e-05,4.978347883393406323e-03
7.740000000000000213e-01,5.359194203642322907e-03,5.367591695255386798e-03,8.934199034835792435e-05,5.377811335604922027e-03
7.780000000000000249e-01,5.832343642081294632e-03,5.899809447868010689e-03,9.158564595728458106e-05,5.846813427189300610e-03
7.820000000000000284e-01,6.384886803381893336e-03,6.294174988944089416e-03,9.312961800046613186e-05,6.397392896324309922e-03
7.860000000000000320e-01,7.038368253856690585e-03,7.043758621704736093e-03,9.441868206182331045e-05,7.051448273688020255e-03
7.900000000000000355e-01,7.852514058598498992e-03,7.747409158542659276e-03,9.418091771345515147e-05,7.868972688247882416e-03
7.940000000000000391e-01,8.869927082976311258e-03,8.886482720062691132e-03,9.630047034403654165e-05,8.892549879406399724e-03
7.980000000000000426e-01,1.015406371617917289e-02,1.030213386058871812e-02,9.906823815219933048e-05,1.018327188394402977e-02
8.020000000000000462e-01,1.180566917821108258e-02,1.189463829712962377e-02,1.024961410833854689e-04,1.183775403756484601e-02
8.060000000000000497e-01,1.399352465637242367e-02,1.385062444948218299e-02,1.059981932773612623e-04,1.402465540868790342e-02
8.100000000000000533e-01,1.707934842670647685e-02,1.715489178747575325e-02,1.105491296766049998e-04,1.711143085602311736e-02
8.140000000000000568e-01,2.156237317409467891e-02,2.158995058666101155e-02,1.186880976388564855e-04,2.160213176872879948e-02
8.180000000000000604e-01,2.841513797877686168e-02,2.838569610867113999e-02,1.309146033798589488e-04,2.846065593605376365e-02
8.220000000000000639e-01,3.993981765520807081e-02,4.014380863993867454e-02,1.433835538873991548e-04,3.995980499105804967e-02
8.260000000000000675e-01,5.974772971281667316e-02,6.007411533053992614e-02,1.703027287481589556e-04,5.971246937472905053e-02
8.300000000000000711e-01,9.199168916087509251e-02,9.192888616909890287e-02,2.005390104149705477e-04,9.196255964036866015e-02
8.339999999999999636e-01,1.348649857020688958e-01,1.349703277891893538e-01,2.434580450982123815e-04,1.349190520149568251e-01
8.379999999999999671e-01,1.767985884147560416e-01,1.768291302717446833e-01,2.683748701709806161e-04,1.768887114211898925e-01
8.419999999999999707e-01,1.994426209329185906e-01,1.995620826786259627e-01,2.784159520699191147e-04,1.995234955674455302e-01
8.459999999999999742e-01,1.952563430920312426e-01,1.953567530704592992e-01,2.866930839924520190e-04,1.953202261209726343e-01
8.499999999999999778e-01,1.813046666446264110e-01,1.813754110170641143e-01,2.679102539942140632e-04,1.813326278725888308e-01
8.539999999999999813e-01,1.776297169433367906e-01,1.780526777392583693e-01,2.705922514005896910e-04,1.776877476967401726e-01
8.579999999999999849e-01,1.852786541977938517e-01,1.857093409003441331e-01,2.706153072179354278e-04,1.853715197498456702e-01
8.619999999999999885e-01,1.890053783349723571e-01,1.887961608214478448e-01,2.723302546813075541e-04,1.891101691744445090e-01
8.659999999999999920e-01,1.815357313671176476e-01,1.814613829374191745e-01,2.700554750157479296e-04,1.816686388591899348e-01
8.699999999999999956e-01,1.749297718799250889e-01,1.747053132075030157e-01,2.604752185881422451e-04,1.750141816337466016e-01
8.739999999999999991e-01,1.815287616883720923e-01,1.814181434837517926e-01,2.696497079878673944e-04,1.815538720345482304e-01
8.780000000000000027e-01,1.925276714439074499e-01,1.923812996466515990e-01,2.723055491938116053e-04,1.925305971893211399e-01
8.820000000000000062e-01,1.856561399132050927e-01,1.861744765688035375e-01,2.704745531217407780e-04,1.856631171428503868e-01
8.860000000000000098e-01,1.534155259012825456e-01,1.534256556966262508e-01,2.518178064924072993e-04,1.534658677158567130e-01
8.900000000000000133e-01,1.078676611645168204e-01,1.080460857076155495e-01,2.030492461183511363e-04,1.079171352376709081e-01
8.940000000000000169e-01,6.825585423646460259e-02,6.828278264014302212e-02,1.729084907796429101e-04,6.825970444241721835e-02
8.980000000000000204e-01,4.332599645156676865e-02,4.349518345115559875e-02,1.426929092708726070e-04,4.331055024144944698e-02
9.020000000000000240e-01,2.898864435070824114e-02,2.922797259400946451e-02,1.240953729889889619e-04,2.897772967099254693e-02
9.060000000000000275e-01,2.082564965074623631e-02,2.087869778990824807e-02,1.118440107360084451e-04,2.082152625255712097e-02
9.100000000000000311e-01,1.586566113018568480e-02,1.577435416908425092e-02,1.023981456107073883e-04,1.586515636305558738e-02
9.140000000000000346e-01,1.260345804302275344e-02,1.269025230388226393e-02,9.824575638570922590e-05,1.260451883279564006e-02
9.180000000000000382e-01,1.034186138645058588e-02,1.051804565046204898e-02,9.248978311986745776e-05,1.034357264814111596e-02
9.220000000000000417e-01,8.668685540390724115e-03,8.589569476118956784e-03,8.919797853726382536e-05,8.670692623750843320e-03
9.260000000000000453e-01,7.407841284092412000e-03,7.365678738612341930e-03,8.685633241593888778e-05,7.410008236322513687e-03
9.300000000000000488e-01,6.432477305865613899e-03,6.416315359051360384e-03,8.420776446882998368e-05,6.434771235345053061e-03
9.340000000000000524e-01,5.664958099680487275e-03,5.615828385229720311e-03,8.462181514182911895e-05,5.667401331822904953e-03
9.380000000000000560e-01,5.040290991428151603e-03,5.069075194169814051e-03,8.006782515145706794e-05,5.042956198612082858e-03
9.420000000000000595e-01,4.515936524688665687e-03,4.498324125481015928e-03,7.982877227922775907e-05,4.518963878690634116e-03
9.460000000000000631e-01,4.087316245722435147e-03,4.079078573105889005e-03,7.913641929649648562e-05,4.090945452462923376e-03
9.500000000000000666e-01,3.732257989954010802e-03,3.758674524425712534e-03,7.848277911891058073e-05,3.736943542208137278e-03
9.540000000000000702e-01,3.433828164856710628e-03,3.421929706347040089e-03,7.880212113458936085e-05,3.440511032839117973e-03
9.580000000000000737e-01,3.175928799005951850e-03,3.179530700879993656e-03,7.555977321196973820e-05,3.186684017642996396e-03
9.619999999999999662e-01,2.947165878647395581e-03,2.909177608625696920e-03,7.497243023909516409e-05,2.965499451217759250e-03
9.659999999999999698e-01,2.752458280121547213e-03,2.837887570989982601e-03,7.543291564412096849e-05,2.779837909550698059e-03
9.699999999999999734e-01,2.588264526790146503e-03,2.662102282951512005e-03,7.567450167227997868e-05,2.619309578789302297e-03
9.739999999999999769e-01,2.443506021102687543e-03,2.481271810986875482e-03,7.397775789483526936e-05,2.469218010798075128e-03
9.779999999999999805e-01,2.316929290806473210e-03,2.336838614329492161e-03,7.398824796446436117e-05,2.333451775768803638e-03
9.819999999999999840e-01,2.207070419855694694e-03,2.183153842569517371e-03,7.423104135031656405e-05,2.216693793414037644e-03
9.859999999999999876e-01,2.110951104143649233e-03,2.096377723881550584e-03,7.305962786448165806e-05,2.116867145520289102e-03
9.899999999999999911e-01,2.026272387409577044e-03,1.897155784580032648e-03,7.277968243577178124e-05,2.030333031720943631e-03
9.939999999999999947e-01,1.951920498237397304e-03,2.030898388446434472e-03,7.197274292137534628e-05,1.955001699884418263e-03
9.979999999999999982e-01,1.888319519417007084e-03,1.871489225125356993e-03,7.294438265452438445e-05,1.890852698904476985e-03
1.002000000000000002e+00,1.833912602314245180e-03,1.971467586472997087e-03,7.254112014278735643e-05,1.836125165287397351e-03
1.006000000000000005e+00,1.787109823082363384e-03,1.857334511346238120e-03,7.179239986370857082e-05,1.789139261657487698e-03
1.010000000000000009e+00,1.747165848467819834e-03,1.784102414913299114e-03,7.116584772866017838e-05,1.749115486360191575e-03
1.014000000000000012e+00,1.713650693158259245e-03,1.661893154973830217e-03,7.022221137174934700e-05,1.715621864458792382e-03
1.018000000000000016e+00,1.687381280761999754e-03,1.709724893259284822e-03,7.221500436831388282e-05,1.689499499294800505e-03
1.022000000000000020e+00,1.667616181256618025e-03,1.660330320751842847e-03,7.116911312712100209e-05,1.670089025411632903e-03
1.026000000000000023e+00,1.653466988802105436e-03,1.695939863996869749e-03,6.992184106984225490e-05,1.656741797284622640e-03
1.030000000000000027e+00,1.645276966280223791e-03,1.645067910195976372e-03,7.138881340063070609e-05,1.650198560686761849e-03
1.034000000000000030e+00,1.643035237406950157e-03,1.583094750406054737e-03,7.024023402566450722e-05,1.650548072987013080e-03
1.038000000000000034e+00,1.646665785712963723e-03,1.743008179799375142e-03,7.076913893319043193e-05,1.656393716871930452e-03
1.042000000000000037e+00,1.656472915681658515e-03,1.753813483174734931e-03,6.975964094462781047e-05,1.666004062580633393e-03
1.046000000000000041e+00,1.672680116813049858e-03,1.655137613816359387e-03,7.004826724608336733e-05,1.679982809056099246e-03
1.050000000000000044e+00,1.695254674022519861e-03,1.755509606317911392e-03,7.105206608814099210e-05,1.700589285250604567e-03
1.054000000000000048e+00,1.725021994206157698e-03,1.716440618288409253e-03,6.957298582256445422e-05,1.729685634035304414e-03
1.058000000000000052e+00,1.762943750533997904e-03,1.895167689079096636e-03,7.007359776279579631e-05,1.767889011641380704e-03
1.062000000000000055e+00,1.809511181535557395e-03,1.793411109029745916e-03,6.958801221078813812e-05,1.815174138273177758e-03
1.066000000000000059e+00,1.865982319056976339e-03,1.881713708604486638e-03,6.954339070832461561e-05,1.873081841876726500e-03
1.070000000000000062e+00,1.932764543041087585e-03,1.880529921060046950e-03,7.069511606349815412e-05,1.942502761881786640e-03
1.074000000000000066e+00,2.011422373856449827e-03,2.050980689671663085e-03,6.976929294163446680e-05,2.023586031945087595e-03
1.078000000000000069e+00,2.105157852615190985e-03,2.088588847211434851e-03,7.021589935022075129e-05,2.116975829169323586e-03
1.082000000000000073e+00,2.215631006084643664e-03,2.247566890892135991e-03,7.011677445956230779e-05,2.224612941842204865e-03
1.086000000000000076e+00,2.346922358621260276e-03,2.318902280072405661e-03,6.998114853845995367e-05,2.353314308963148915e-03
1.090000000000000080e+00,2.503116796829345236e-03,2.503263778932149613e-03,7.055135156396889122e-05,2.508609197436389472e-03
1.094000000000000083e+00,2.690135142750082770e-03,2.643073104652947022e-03,6.980320397632189906e-05,2.696566585633994491e-03
1.098000000000000087e+00,2.914213257573548127e-03,2.980747755061274960e-03,7.165128896516490215e-05,2.923551791266601214e-03
1.102000000000000091e+00,3.182120550414274576e-03,3.224493797018988285e-03,7.128161841374158595e-05,3.195412685741866841e-03
1.106000000000000094e+00,3.510079755222836675e-03,3.482759964938443586e-03,7.261040966078753580e-05,3.525343772355889974e-03
1.110000000000000098e+00,3.918717541829655308e-03,3.952060121559416474e-03,7.225458412324069235e-05,3.932216595323364920e-03
1.114000000000000101e+00,4.437584500854108681e-03,4.418462646070701015e-03,7.334845326817432648e-05,4.448340927744001694e-03
1.118000000000000105e+00,5.097371075560745007e-03,5.117395127892068740e-03,7.574255954593364269e-05,5.107865760264338958e-03
1.122000000000000108e+00,5.965557108726515442e-03,5.976755220302329592e-03,7.599148459171793375e-05,5.979282119245914184e-03
1.126000000000000112e+00,7.177819610315379177e-03,7.231410084760792750e-03,7.812163436050449390e-05,7.196710107797284380e-03
1.130000000000000115e+00,8.933679054541305425e-03,8.927925684574589474e-03,8.059107973363676802e-05,8.955952516227213417e-03
1.134000000000000119e+00,1.161655568264311975e-02,1.146482111515506087e-02,8.603866478208432595e-05,1.164055688717808255e-02
1.138000000000000123e+00,1.618616889434961945e-02,1.625338286055893339e-02,9.222275058030968262e-05,1.621300178585870916e-02
1.142000000000000126e+00,2.485952349541474884e-02,2.469273268482292949e-02,1.045619480066651300e-04,2.487937307152679120e-02
1.146000000000000130e+00,4.198242712435336366e-02,4.200731063440836521e-02,1.256776120525837821e-04,4.197929491011542780e-02
1.150000000000000133e+00,7.174725136682835736e-02,7.177603336192463213e-02,1.546106362018029486e-04,7.174888424700592848e-02
1.153999999999999915e+00,1.087551030717976708e-01,1.088826967900675818e-01,1.862798913916367154e-04,1.087948922639001004e-01
1.157999999999999918e+00,1.348070030346872894e-01,1.348284668628355609e-01,2.012077167789573279e-04,1.348614320639175135e-01
1.161999999999999922e+00,1.382320877732057252e-01,1.380666609162620462e-01,2.035024714930942866e-04,1.382741931584322848e-01
1.165999999999999925e+00,1.331226769168563639e-01,1.329287858593619365e-01,2.011634722704215257e-04,1.331627826970609441e-01
1.169999999999999929e+00,1.338955084801014550e-01,1.338883707297920667e-01,2.010291525483793402e-04,1.339566226064262122e-01
1.173999999999999932e+00,1.343758013338239854e-01,1.346348086551977796e-01,2.035841167091176113e-04,1.344539523059034292e-01
1.177999999999999936e+00,1.312607320486810225e-01,1.314730200597801768e-01,1.954411850817894139e-04,1.313274803190240536e-01
1.181999999999999940e+00,1.330892568387622432e-01,1.328478309637568799e-01,2.007010481020694078e-04,1.331183489537653974e-01
1.185999999999999943e+00,1.336089263053253096e-01,1.337659152485432268e-01,1.991072999443943710e-04,1.336199671379337817e-01
1.189999999999999947e+00,1.147484678525904911e-01,1.148363292857881302e-01,1.856014167193157120e-04,1.147708806271943716e-01
1.193999999999999950e+00,7.869584426841033653e-02,7.858958533158831583e-02,1.564407191235634451e-04,7.871943780061896323e-02
1.197999999999999954e+00,4.576156788767340999e-02,4.590676404329908228e-02,1.264633745722198381e-04,4.576400414715860177e-02
1.201999999999999957e+00,2.608384349640473915e-02,2.607428923750983868e-02,1.046745489750637798e-04,2.607712896900586663e-02
1.205999999999999961e+00,1.616348025805658048e-02,1.602392236580667609e-02,9.040226415944277991e-05,1.615983122835778357e-02
1.209999999999999964e+00,1.112282049787504008e-02,1.113537184264153275e-02,8.237538819941939735e-05,1.112242778010492580e-02
1.213999999999999968e+00,8.235865085906630967e-03,8.226981476627290985e-03,7.639171633035879351e-05,8.236825212037217347e-03
1.217999999999999972e+00,6.421143169195308621e-03,6.466434551274467118e-03,7.358243354353851372e-05,6.422561871392146182e-03
1.221999999999999975e+00,5.220165720811901187e-03,5.201328988709080607e-03,7.242047311187525284e-05,5.221770953185524144e-03
1.225999999999999979e+00,4.363500869788707395e-03,4.300016754642717494e-03,7.001540680945538453e-05,4.365255636315411129e-03
1.229999999999999982e+00,3.722057732217952039e-03,3.726798082808894640e-03,6.853033366338541011e-05,3.724033680065725813e-03
1.233999999999999986e+00,3.227503294639741480e-03,3.192762233654246155e-03,6.738587668570286682e-05,3.229894582091907308e-03
1.237999999999999989e+00,2.843631429695427353e-03,2.954830429332885085e-03,6.699639878940759059e-05,2.846883886544360632e-03
1.241999999999999993e+00,2.539266416583099706e-03,2.566699630231678454e-03,6.640593375157062398e-05,2.544480837259700812e-03
1.245999999999999996e+00,2.289781480093615752e-03,2.188914738288854668e-03,6.485257962634783594e-05,2.299339425573056900e-03
1.250000000000000000e+00,2.086395821921516527e-03,2.206230046806760721e-03,6.531499298099468955e-05,2.102515994264382744e-03
1.254000000000000004e+00,1.918325167981360397e-03,1.910150342569908203e-03,6.413116953406473788e-05,1.938575267270066646e-03
1.258000000000000007e+00,1.778515032657081510e-03,1.845057774557823035e-03,6.424494169687730008e-05,1.795845912370209237e-03
1.262000000000000011e+00,1.662426914296469748e-03,1.703134989735371379e-03,6.408047792416936587e-05,1.673109008493893187e-03
1.266000000000000014e+00,1.564091600147716771e-03,1.462936515540890978e-03,6.268630080993601770e-05,1.569764646254676694e-03
1.270000000000000018e+00,1.482396830635852175e-03,1.385939724061685703e-03,6.431353717398191042e-05,1.485672161153301588e-03
1.274000000000000021e+00,1.414893498201436669e-03,1.461687207418361058e-03,6.301413976980485077e-05,1.417145880474221390e-03
1.278000000000000025e+00,1.358199152149136210e-03,1.323736572272327452e-03,6.309097934519822043e-05,1.359966741193820725e-03
1.282000000000000028e+00,1.311518880283868167e-03,1.326193484425582363e-03,6.268415985470988450e-05,1.313051731677066999e-03
1.286000000000000032e+00,1.273381565234944432e-03,1.295588510265387747e-03,6.163589862518468294e-05,1.274828041629694902e-03
1.290000000000000036e+00,1.243818177421999235e-03,1.208843980943719075e-03,6.311703145965315948e-05,1.245314181833670486e-03
1.294000000000000039e+00,1.222177758296335952e-03,1.219117343906606999e-03,6.201559395755317991e-05,1.223929597568469436e-03
1.298000000000000043e+00,1.207467118100652567e-03,1.264701020366711592e-03,6.174538054750710670e-05,1.209925558695796157e-03
1.302000000000000046e+00,1.199804535981875264e-03,1.121279515216775475e-03,6.258687482368072760e-05,1.203757439542622529e-03
1.306000000000000050e+00,1.199040043329795005e-03,1.278220815636789279e-03,6.131352762139640313e-05,1.204934923437993560e-03
1.310000000000000053e+00,1.205173547819393936e-03,1.249980187629217863e-03,6.259757562403542698e-05,1.211841143720884546e-03
1.314000000000000057e+00,1.218604001090208737e-03,1.237709186688208543e-03,6.094444928111350410e-05,1.224122650546854898e-03
1.318000000000000060e+00,1.239894225180832379e-03,1.381387583418147757e-03,6.174916090425097714e-05,1.243943033929187760e-03
1.322000000000000064e+00,1.269186139420982193e-03,1.254029165738820926e-03,6.210823623855876708e-05,1.272784953953647741e-03
1.326000000000000068e+00,1.307765794773259370e-03,1.263574924953584158e-03,6.123291651696759761e-05,1.311805354409067070e-03
1.330000000000000071e+00,1.357370892354097620e-03,1.424324374943735164e-03,6.174032720167374336e-05,1.362649529242275937e-03
1.334000000000000075e+00,1.419459461726706650e-03,1.473984280300719282e-03,6.087402556343428389e-05,1.426731947673862654e-03
1.338000000000000078e+00,1.495736457915393435e-03,1.519427115090556070e-03,6.230939179063834624e-05,1.504126582302216155e-03
1.342000000000000082e+00,1.588379425101407857e-03,1.589330947103205017e-03,6.189157074906120675e-05,1.595569527421855996e-03
1.346000000000000085e+00,1.702681174084186245e-03,1.750743392570001380e-03,6.193433636021120244e-05,1.707854186779322447e-03
1.350000000000000089e+00,1.844676451433469771e-03,1.861537293027328878e-03,6.202916142507712061e-05,1.849099853810037093e-03
1.354000000000000092e+00,2.021941958396433585e-03,1.960202869349595648e-03,6.190007425341282623e-05,2.027593998943024063e-03
1.358000000000000096e+00,2.244007846645526376e-03,2.212553736149232200e-03,6.308002312276537961e-05,2.252378375223285795e-03
1.362000000000000099e+00,2.523498241873065734e-03,2.627879184866753048e-03,6.354393481126397196e-05,2.533790789611739883e-03
1.366000000000000103e+00,2.892667703263908721e-03,2.915222204732330780e-03,6.292915991342818219e-05,2.902237758263817840e-03
1.370000000000000107e+00,3.394150227579623841e-03,3.432896900069083452e-03,6.441932404692847199e-05,3.402309892731083998e-03
1.374000000000000110e+00,4.072346545782794085e-03,4.073621920681311931e-03,6.618361135312295128e-05,4.081532059195354042e-03
1.378000000000000114e+00,5.055319262505402790e-03,5.103981880752719510e-03,6.759437718988302302e-05,5.067920009637415062e-03
1.382000000000000117e+00,6.638248414074941241e-03,6.601894927711615506e-03,6.850705648475137856e-05,6.654066487350710282e-03
1.386000000000000121e+00,9.449897633667736843e-03,9.446617120669121431e-03,7.391227296782941752e-05,9.467696668753227546e-03
1.390000000000000124e+00,1.507605550167740588e-02,1.502905710677431006e-02,8.281914643461953779e-05,1.509215358122048024e-02
1.394000000000000128e+00,2.708914234071529287e-02,2.704803842080986606e-02,9.802714544060570057e-05,2.709485304728173963e-02
