radius_mm,expected,observation,sigma,nonparametric_forward_check,conditional_fit
2.000000000000000042e-03,5.299817513390031078e-03,7.454225036474120686e-03,1.573206022482037886e-03,5.419052710198164757e-03,5.300752030567546479e-03
6.000000000000000125e-03,5.299733685193121907e-03,6.565065749600645581e-03,1.112422291813936143e-03,5.418450167230127318e-03,5.300668195305333237e-03
1.000000000000000021e-02,5.299550581037016338e-03,5.523597224846511951e-03,7.035543792244671564e-04,5.417123885112569426e-03,5.300485075814720566e-03
1.400000000000000029e-02,5.299287327652446589e-03,5.394176687724220112e-03,7.035497020049906328e-04,5.415195510541721997e-03,5.300221800592614697e-03
1.800000000000000211e-02,5.298972739180281104e-03,5.399876296961265108e-03,5.946033002163874205e-04,5.412852610433002004e-03,5.299907186401726922e-03
2.199999999999999872e-02,5.298598227883166180e-03,6.604936766914076135e-03,5.561951971301751360e-04,5.410009744676994026e-03,5.299532645019318366e-03
2.600000000000000228e-02,5.298126253027305062e-03,5.874153768273430130e-03,4.743192041450196381e-04,5.406336191007915515e-03,5.299060633162576590e-03
2.999999999999999889e-02,5.297561085351430027e-03,5.051239163744072891e-03,4.363039815108558537e-04,5.401800208058151441e-03,5.298495422582916864e-03
3.400000000000000244e-02,5.296978097746875627e-03,4.432779033285968139e-03,4.541128954913414037e-04,5.396952424395803222e-03,5.297912392483652456e-03
3.799999999999999906e-02,5.296377153585479086e-03,4.594167104227724237e-03,4.061647567345206232e-04,5.391745751769025374e-03,5.297311406756751405e-03
4.200000000000000261e-02,5.295711560336279801e-03,5.363757298685233044e-03,3.815189414033482492e-04,5.385712374596589823e-03,5.296645770389092796e-03
4.599999999999999922e-02,5.295050384826392037e-03,5.401842786711531438e-03,3.932541558985183780e-04,5.379406017651144206e-03,5.295984555561893473e-03
5.000000000000000278e-02,5.294336080708516440e-03,6.196960896908056127e-03,3.279907216402798225e-04,5.372159021025020749e-03,5.295270213980882851e-03
5.399999999999999939e-02,5.293606835757894494e-03,5.105368561559586911e-03,3.608616045018787563e-04,5.364242005057974841e-03,5.294540936951201877e-03
5.800000000000000294e-02,5.292924736916036071e-03,5.534267744851387866e-03,3.145864327725850207e-04,5.356181284344966632e-03,5.293858816143984236e-03
6.199999999999999956e-02,5.292246819420994182e-03,5.581184555236404915e-03,3.210679349470311117e-04,5.347394852361517410e-03,5.293180886621787901e-03
6.600000000000000311e-02,5.291643829143728023e-03,5.052107502647278092e-03,3.145762533086670157e-04,5.338634651490684405e-03,5.292577897942358188e-03
7.000000000000000666e-02,5.291112227051371353e-03,5.476783036801147891e-03,3.026970755882558615e-04,5.329792555245915948e-03,5.292046312218940708e-03
7.399999999999999634e-02,5.290659736308099201e-03,5.394355596379416320e-03,3.084597260233567996e-04,5.320905291583384947e-03,5.291593854034068109e-03
7.799999999999999989e-02,5.290270721441171255e-03,4.770644273569727735e-03,2.658562361331050640e-04,5.311141763383226549e-03,5.291204896822865843e-03
8.200000000000000344e-02,5.289991788575445358e-03,5.343626820353468941e-03,2.737920563278641094e-04,5.300908666571860217e-03,5.290926051209034892e-03
8.600000000000000699e-02,5.289876368770722939e-03,5.132006145336651289e-03,2.737912579174329704e-04,5.291388151587519614e-03,5.290810743401907698e-03
8.999999999999999667e-02,5.289921286721592161e-03,5.160967326724092905e-03,2.697351730014525243e-04,5.282598191324387217e-03,5.290855797968525148e-03
9.400000000000000022e-02,5.290137609784096792e-03,5.258031089727764097e-03,2.658553420416562914e-04,5.274185089121329051e-03,5.291072290602541126e-03
9.800000000000000377e-02,5.290583964089910080e-03,5.564299903061264638e-03,2.398557219193877676e-04,5.265842117757837081e-03,5.291518865922321090e-03
1.020000000000000073e-01,5.291278818912630369e-03,4.792823071182283033e-03,2.551526814510995142e-04,5.258221946444608871e-03,5.292213989034702699e-03
1.059999999999999970e-01,5.292191616853064197e-03,5.073893999025683686e-03,2.456461837935954950e-04,5.252056064004305067e-03,5.293127086038704708e-03
1.100000000000000006e-01,5.293424178415232807e-03,5.867047366968687443e-03,2.344818411496531923e-04,5.246877100849887086e-03,5.294360008578159575e-03
1.140000000000000041e-01,5.294982444112581940e-03,5.300163191306653775e-03,2.398823745434548087e-04,5.243096779855833597e-03,5.295918693659234372e-03
1.180000000000000077e-01,5.296809915741804847e-03,5.214852106083183760e-03,2.319389555871622158e-04,5.241046860964232272e-03,5.297746625789141739e-03
1.219999999999999973e-01,5.299110837614349513e-03,5.567799614189521303e-03,2.247397067948623335e-04,5.240744556052058870e-03,5.300048097843145824e-03
1.260000000000000009e-01,5.301874562318214384e-03,5.233621147522239149e-03,2.203043492085249408e-04,5.242582065450715131e-03,5.302812454837295061e-03
1.300000000000000044e-01,5.305067818665590296e-03,4.870418857307429530e-03,2.181933456880880888e-04,5.246702273516926779e-03,5.306006415519579078e-03
1.340000000000000080e-01,5.308715391150713690e-03,5.442526674037990835e-03,2.203423995002465492e-04,5.253189637489353095e-03,5.309654768400976985e-03
1.380000000000000115e-01,5.312707902480453930e-03,5.317110457340165630e-03,2.161667982731424161e-04,5.261794654638742713e-03,5.313648112284606768e-03
1.420000000000000151e-01,5.317221266867411429e-03,5.111861037239436023e-03,2.182602829703046189e-04,5.272786559746268226e-03,5.318162397765116393e-03
1.459999999999999909e-01,5.322482622248133136e-03,5.111755302999512578e-03,2.015436464863952515e-04,5.286721544487086796e-03,5.323424805988619807e-03
1.499999999999999944e-01,5.328661989842262137e-03,5.232330197360936068e-03,2.015750581732413235e-04,5.303958683597927506e-03,5.329605388775870284e-03
1.539999999999999980e-01,5.335475253347149796e-03,5.333845398639906928e-03,2.016096864813008414e-04,5.323470605284714996e-03,5.336419971047980104e-03
1.580000000000000016e-01,5.342568447011666194e-03,5.329151201846489029e-03,2.067949615822421347e-04,5.343843128166094955e-03,5.343514519167785748e-03
1.620000000000000051e-01,5.350559919599213142e-03,5.603737968337506661e-03,1.953820710595958099e-04,5.366392871994786484e-03,5.351507499331005502e-03
1.660000000000000087e-01,5.359487206739120199e-03,4.980410994927927590e-03,1.954260001929666098e-04,5.390669062915676851e-03,5.360436452370400361e-03
1.700000000000000122e-01,5.369225919269255375e-03,5.722625692881868481e-03,1.939873957131898476e-04,5.415669269128271443e-03,5.370176964066231302e-03
1.740000000000000158e-01,5.380145322199329956e-03,5.242945456142898350e-03,1.870835531225085405e-04,5.441531768136557284e-03,5.381098365627849135e-03
1.779999999999999916e-01,5.392087921374517749e-03,5.614294043665575204e-03,1.871397380347522479e-04,5.467019553924565983e-03,5.393043132228544229e-03
1.819999999999999951e-01,5.405133818405723732e-03,5.607238728936044837e-03,1.846188864951111511e-04,5.491427279501831515e-03,5.406091378363779565e-03
1.859999999999999987e-01,5.418777801286341587e-03,5.457172035258635139e-03,1.885981072909418365e-04,5.513231894078344728e-03,5.419737800672819704e-03
1.900000000000000022e-01,5.433136318795170686e-03,5.528561652843862716e-03,1.873327250029576405e-04,5.532276526498227862e-03,5.434098868852409343e-03
1.940000000000000058e-01,5.449496954918687380e-03,5.434448921922747922e-03,1.754601400116254258e-04,5.549545206390588993e-03,5.450462393498231063e-03
1.980000000000000093e-01,5.467202843451882122e-03,5.834793034676342971e-03,1.812202917733394332e-04,5.563774339269006615e-03,5.468171390172740440e-03
2.020000000000000129e-01,5.486145597406730419e-03,5.810019793060087687e-03,1.756212324291930979e-04,5.574679949869420885e-03,5.487117451077851843e-03
2.060000000000000164e-01,5.506033062367271524e-03,5.471334047354480153e-03,1.802146675494169139e-04,5.582507114375905022e-03,5.507008370470274985e-03
2.099999999999999922e-01,5.527347913616302566e-03,5.385569230220110110e-03,1.747269119819741989e-04,5.587954499700651528e-03,5.528326906317077884e-03
2.139999999999999958e-01,5.551203846612090542e-03,5.638503052054212074e-03,1.678147882498859259e-04,5.591946870701258905e-03,5.552186944126234411e-03
2.179999999999999993e-01,5.576268981815616331e-03,5.502137905084708396e-03,1.760167508417194774e-04,5.595245966945727040e-03,5.577256373300802650e-03
2.220000000000000029e-01,5.602777511500778990e-03,5.876354959310003262e-03,1.680304677073492247e-04,5.599156720267709289e-03,5.603769424792578481e-03
2.260000000000000064e-01,5.631784158781661352e-03,5.628656429482965795e-03,1.672148657615141578e-04,5.605255489202249850e-03,5.632780999965307164e-03
2.300000000000000100e-01,5.662893601596274973e-03,5.515650581611261302e-03,1.664220010088062114e-04,5.615035710512695545e-03,5.663895706808925144e-03
2.340000000000000135e-01,5.696055117226415422e-03,5.583909828510119633e-03,1.630145905530932789e-04,5.629962171371948390e-03,5.697062811891234931e-03
2.380000000000000171e-01,5.730322590568671590e-03,5.694991414215493444e-03,1.714775164535641710e-04,5.650574226956487679e-03,5.731336039854904169e-03
2.419999999999999929e-01,5.766101675047466749e-03,5.696943510908427863e-03,1.632970399506414739e-04,5.677883928639586124e-03,5.767121110986509966e-03
2.459999999999999964e-01,5.806830618201350158e-03,5.800404616288499723e-03,1.569847505820004833e-04,5.715538615997227227e-03,5.807856844571605490e-03
2.500000000000000000e-01,5.850671594725890927e-03,5.670109290869909321e-03,1.602975122002309866e-04,5.762828807732165229e-03,5.851705103800187643e-03
2.540000000000000036e-01,5.895639348903594645e-03,5.847098380057359074e-03,1.596701261542981837e-04,5.817368901605756044e-03,5.896680300912253078e-03
2.580000000000000071e-01,5.941804916355994740e-03,6.099432362318960542e-03,1.657574862333944957e-04,5.878106224254048620e-03,5.942853483343453480e-03
2.620000000000000107e-01,5.991448697247755105e-03,6.140943009832234255e-03,1.547210660872568131e-04,5.947096098302620190e-03,5.992505424410833267e-03
2.660000000000000142e-01,6.046122619601579373e-03,5.868607315237246540e-03,1.571459796424660798e-04,6.025300407695189167e-03,6.047188302707472152e-03
2.700000000000000178e-01,6.103761452850802079e-03,6.130348463598668876e-03,1.551444964585200906e-04,6.108203461120461676e-03,6.104836543661258143e-03
2.740000000000000213e-01,6.164543591219278154e-03,6.160928962368767553e-03,1.553731699887692000e-04,6.194123666323428888e-03,6.165628567296598840e-03
2.780000000000000249e-01,6.227837497150788375e-03,6.430092058089414454e-03,1.578393684178221602e-04,6.280271428296777848e-03,6.228932730188023285e-03
2.820000000000000284e-01,6.296987182226819989e-03,6.233713240112876731e-03,1.478024856734373857e-04,6.369083188798251548e-03,6.298093579683839392e-03
2.860000000000000320e-01,6.371658085678007753e-03,6.388034595875364575e-03,1.547106580456999222e-04,6.458152739339043102e-03,6.372776493987907138e-03
2.899999999999999800e-01,6.448525111590613576e-03,6.410557826337072440e-03,1.508977666861221838e-04,6.542071781079092027e-03,6.449655835737186371e-03
2.939999999999999836e-01,6.529893861501007840e-03,6.789130018021094157e-03,1.532020355109909725e-04,6.623105959638419735e-03,6.531037572432951688e-03
2.979999999999999871e-01,6.618450745890909481e-03,6.716856509169495844e-03,1.464986013206731109e-04,6.703538077760811884e-03,6.619608533310917912e-03
3.019999999999999907e-01,6.713218069174885401e-03,6.860984298917341059e-03,1.492742177653911628e-04,6.783119367327483315e-03,6.714390857692211292e-03
3.059999999999999942e-01,6.810148429921762496e-03,7.076796995578803207e-03,1.528606908995331921e-04,6.860184301809724855e-03,6.811336496524138077e-03
3.099999999999999978e-01,6.912738350351700645e-03,6.809763161501340874e-03,1.475158057893271896e-04,6.939886258965627733e-03,6.913942516477626470e-03
3.140000000000000013e-01,7.025368911018081003e-03,6.944305719845463194e-03,1.467152647512114940e-04,7.028218794167128032e-03,7.026590672627829395e-03
3.180000000000000049e-01,7.144221491565233909e-03,6.918792527958405290e-03,1.483110247163159996e-04,7.124946151958203022e-03,7.145461732680833192e-03
3.220000000000000084e-01,7.271311512317647427e-03,7.355137569853020980e-03,1.435854180112044825e-04,7.234259256714288544e-03,7.272571415826468988e-03
3.260000000000000120e-01,7.407043785595708585e-03,7.412303417501632519e-03,1.492087660952614323e-04,7.358369933344764344e-03,7.408324581927577292e-03
3.300000000000000155e-01,7.547448602688601287e-03,7.394881760988642611e-03,1.450435858508006791e-04,7.494568428700913373e-03,7.548750895626908479e-03
3.340000000000000191e-01,7.699848297003360729e-03,7.630759084229407282e-03,1.461027309049623725e-04,7.649765449866632872e-03,7.701173796278381299e-03
3.380000000000000226e-01,7.862375775131639002e-03,8.090736813725943680e-03,1.449733439820896478e-04,7.821461800823707733e-03,7.863725879948688796e-03
3.420000000000000262e-01,8.034354012363615835e-03,7.936972019987191193e-03,1.455297362979755067e-04,8.007184884183662574e-03,8.035729997787998194e-03
3.460000000000000298e-01,8.220813908510652551e-03,8.146788247743182165e-03,1.439814905623410771e-04,8.210104300863864391e-03,8.222217776759710786e-03
3.500000000000000333e-01,8.419718832455572871e-03,8.452141563360162160e-03,1.430525591236847820e-04,8.425370369860312250e-03,8.421152247965127055e-03
3.539999999999999813e-01,8.630939102941598620e-03,8.772466349292809551e-03,1.463473136290086008e-04,8.650222255257650900e-03,8.632403680255610820e-03
3.579999999999999849e-01,8.855217015946704323e-03,8.751085036650405394e-03,1.438922500486604719e-04,8.883095632073772369e-03,8.856714442214882674e-03
3.619999999999999885e-01,9.096136258560479776e-03,8.925842664944482960e-03,1.451481271056782776e-04,9.126028699362838045e-03,9.097668707326358670e-03
3.659999999999999920e-01,9.362713740915287394e-03,9.496989094872383338e-03,1.405485756007747499e-04,9.386719676738181084e-03,9.364284629275809041e-03
3.699999999999999956e-01,9.648258753009784569e-03,9.789365581558360022e-03,1.442825853741532287e-04,9.658683426115794932e-03,9.649870468840924045e-03
3.739999999999999991e-01,9.948206940050502087e-03,1.002178237598819882e-02,1.456791057690934744e-04,9.939243829265254071e-03,9.949861163333547157e-03
3.780000000000000027e-01,1.027289282628526985e-02,1.028355732930692941e-02,1.432039161865460402e-04,1.024084357483583813e-02,1.027459263708272071e-02
3.820000000000000062e-01,1.062495947284771390e-02,1.033713414357307486e-02,1.451825958403394907e-04,1.056933184815648033e-02,1.062670823742864305e-02
3.860000000000000098e-01,1.100560033026381189e-02,1.074749059664014718e-02,1.443534161928819752e-04,1.092945371825045781e-02,1.100740147753471662e-02
3.900000000000000133e-01,1.140944363090985042e-02,1.155693897241587102e-02,1.479289560553301969e-04,1.131890429615096602e-02,1.141129976311338647e-02
3.940000000000000169e-01,1.184944181253273950e-02,1.178252877363368534e-02,1.457722533571348996e-04,1.175194671877008955e-02,1.185135717830233457e-02
3.980000000000000204e-01,1.233497649787948167e-02,1.230170109705815314e-02,1.452469608518460842e-04,1.223836506119206809e-02,1.233695645258348420e-02
4.020000000000000240e-01,1.286105441798873587e-02,1.244191895041429734e-02,1.480672881134987337e-04,1.277222837235660394e-02,1.286310348192260325e-02
4.060000000000000275e-01,1.343125254547056051e-02,1.344902249133436180e-02,1.481841147875504665e-04,1.335514634078740701e-02,1.343337553051413003e-02
4.100000000000000311e-01,1.405475010186231499e-02,1.401402671525795937e-02,1.488953895713610812e-04,1.399422039830571819e-02,1.405695280965264284e-02
4.140000000000000346e-01,1.474960841059040281e-02,1.486448904951273402e-02,1.488583025915829786e-04,1.470599566700319348e-02,1.475189867655343420e-02
4.179999999999999827e-01,1.551373291926691836e-02,1.539854388301522929e-02,1.494377680417895496e-04,1.548679831737951804e-02,1.551611800455940382e-02
4.219999999999999862e-01,1.634954380756088038e-02,1.633246647471139901e-02,1.538103560209622426e-04,1.633786459627152576e-02,1.635203097668721378e-02
4.259999999999999898e-01,1.725329797601977966e-02,1.717067970524565473e-02,1.550984486373476205e-04,1.725396154078501221e-02,1.725589373914798025e-02
4.299999999999999933e-01,1.823892321239223985e-02,1.815476525277330208e-02,1.589387140516014183e-04,1.824737114327961221e-02,1.824163547804082477e-02
4.339999999999999969e-01,1.937317972147504716e-02,1.936132420895566447e-02,1.538000491312076993e-04,1.938256499783198167e-02,1.937602377819011221e-02
4.380000000000000004e-01,2.064997412582818270e-02,2.048866077141564893e-02,1.602948081834722194e-04,2.065124824401964876e-02,2.065296400379901254e-02
4.420000000000000040e-01,2.204114131744691965e-02,2.244047231647773935e-02,1.639160951914991676e-04,2.202595158420922461e-02,2.204428738797652165e-02
4.460000000000000075e-01,2.362363784221167134e-02,2.355992603120275058e-02,1.622605286962855713e-04,2.358703349915211578e-02,2.362695871557269484e-02
4.500000000000000111e-01,2.541922972163278976e-02,2.556035642223974252e-02,1.688601063467981816e-04,2.536380104463166127e-02,2.542274602267437233e-02
4.540000000000000147e-01,2.744301137443501404e-02,2.733553090026529658e-02,1.692619210967347240e-04,2.738090389693443455e-02,2.744674518329081117e-02
4.580000000000000182e-01,2.972554741896364303e-02,2.952819177944961473e-02,1.772292016803134749e-04,2.967556838540722636e-02,2.972952442485682009e-02
4.620000000000000218e-01,3.227246855132182013e-02,3.208587919470992644e-02,1.817454383035619042e-04,3.225346422309961769e-02,3.227671602821429592e-02
4.660000000000000253e-01,3.521877456331241191e-02,3.535728296491930794e-02,1.823032500409035969e-04,3.524237771973239702e-02,3.522333628289291141e-02
4.700000000000000289e-01,3.862710233107519153e-02,3.883816684293386889e-02,1.910193562395079534e-04,3.868937360668105174e-02,3.863203293412550976e-02
4.740000000000000324e-01,4.255230742212048195e-02,4.257412371975230481e-02,1.932301672295652834e-04,4.263042866087391608e-02,4.255767527859343619e-02
4.780000000000000360e-01,4.705457154379624751e-02,4.699803223911964978e-02,2.050499265203014883e-04,4.711434317048321385e-02,4.706046442670543811e-02
4.819999999999999840e-01,5.222556109640554001e-02,5.225707616912365905e-02,2.089702393331810675e-04,5.223604279407745993e-02,5.223209911728484561e-02
4.859999999999999876e-01,5.827458420018380436e-02,5.834633074624444998e-02,2.154352858112296501e-04,5.822620152116626813e-02,5.828194905818017552e-02
4.899999999999999911e-01,6.505512746244861144e-02,6.507759268609411563e-02,2.343957899986566420e-04,6.497502485197438615e-02,6.506353199128894760e-02
4.939999999999999947e-01,7.275364762072482339e-02,7.311684146242419802e-02,2.329425222444476452e-04,7.270160294092666009e-02,7.276341213602488533e-02
4.979999999999999982e-01,8.156157990163065419e-02,8.152922998877951133e-02,2.513929351235236133e-04,8.160950913225509251e-02,8.157317200812447267e-02
5.020000000000000018e-01,9.119760143357917570e-02,9.111525827678373934e-02,2.563831882163630695e-04,9.139124429471323641e-02,9.121159799412849323e-02
5.060000000000000053e-01,1.017175343953743011e-01,1.016399446140286850e-01,2.675117215738735763e-04,1.020404543749014459e-01,1.017347329122594707e-01
5.100000000000000089e-01,1.123450493532216904e-01,1.123104946170694618e-01,2.866243698184929665e-04,1.126955955146232702e-01,1.123662468473594356e-01
5.140000000000000124e-01,1.224196187027264682e-01,1.224444444469351134e-01,2.910798633038604965e-04,1.226459578702414899e-01,1.224455707419568329e-01
5.180000000000000160e-01,1.316290213475783955e-01,1.318449502172709675e-01,2.985013597913816993e-04,1.315836144400342467e-01,1.316605575733262867e-01
5.220000000000000195e-01,1.387495291242820117e-01,1.384306035922681644e-01,3.042071435488664477e-04,1.383756724072782440e-01,1.387869733912728276e-01
5.260000000000000231e-01,1.428898972134544088e-01,1.427818494399992755e-01,3.075471911230875997e-04,1.422710890978807763e-01,1.429329521353470689e-01
5.300000000000000266e-01,1.434564552017812411e-01,1.427142464915874542e-01,3.103464382080181301e-04,1.427950131685979118e-01,1.435041007637953558e-01
5.340000000000000302e-01,1.403150079840921050e-01,1.399905450508082683e-01,3.014197702954082240e-04,1.398423128598173526e-01,1.403655852389273928e-01
5.380000000000000338e-01,1.337301969602063823e-01,1.340569384723385715e-01,2.970391558285892628e-04,1.336022611338030519e-01,1.337817237310152396e-01
5.420000000000000373e-01,1.245020347611962425e-01,1.243372508314131986e-01,2.842800318155806966e-04,1.247223212981421886e-01,1.245524495685718103e-01
5.460000000000000409e-01,1.135984172714213369e-01,1.137195166893569531e-01,2.754772004304587886e-04,1.140327323954264949e-01,1.136460036536075247e-01
5.500000000000000444e-01,1.018867673065627782e-01,1.020797490414719622e-01,2.577417375148436003e-04,1.023366490409509666e-01,1.019302905222126826e-01
5.540000000000000480e-01,9.022344978975582741e-02,9.027531615128703280e-02,2.439302361492232270e-04,9.052214871491742754e-02,9.026226362892364463e-02
5.580000000000000515e-01,7.937566548416837009e-02,7.928330754248158474e-02,2.358252444140434743e-04,7.945550775504675589e-02,7.940970421823764780e-02
5.620000000000000551e-01,6.965469104209121021e-02,6.952698504197066254e-02,2.181715085672372820e-04,6.954872297353453803e-02,6.968423825136527139e-02
5.660000000000000586e-01,6.084025411891671314e-02,6.066077380028636612e-02,2.059643519062140978e-04,6.063621409650236244e-02,6.086563117690096947e-02
5.700000000000000622e-01,5.304198149534546797e-02,5.320146325246976476e-02,1.895430977423854992e-04,5.284205810559665373e-02,5.306364154780941755e-02
5.740000000000000657e-01,4.641392356416022824e-02,4.638242407563043790e-02,1.856167467567547056e-04,4.628684540857817831e-02,4.643243685438706858e-02
5.779999999999999583e-01,4.085438129949361258e-02,4.073006542623110876e-02,1.745894827866820837e-04,4.082157331264081590e-02,4.087028519232555057e-02
5.819999999999999618e-01,3.615982176079444999e-02,3.577909349640077952e-02,1.688924936604991385e-04,3.620834801048798679e-02,3.617355654891280664e-02
5.859999999999999654e-01,3.210378782938899667e-02,3.229420492347741256e-02,1.581203089337726174e-04,3.220597170294654810e-02,3.211568274717162969e-02
5.899999999999999689e-01,2.856659114002412306e-02,2.864154792430615229e-02,1.513531012060660827e-04,2.869056675383306956e-02,2.857691305910402962e-02
5.939999999999999725e-01,2.558952361684805471e-02,2.572611657307013674e-02,1.482528431150411643e-04,2.570483084636321358e-02,2.559854822858816450e-02
5.979999999999999760e-01,2.302505402367383686e-02,2.311174448928641698e-02,1.412803422949401161e-04,2.310606616309390099e-02,2.303298333108707782e-02
6.019999999999999796e-01,2.079882845337935326e-02,2.061414825522434047e-02,1.364460536460466175e-04,2.082772984453269347e-02,2.080582514447753065e-02
6.059999999999999831e-01,1.885981155255588709e-02,1.898829756035244273e-02,1.329262641924418027e-04,1.883234387837850327e-02,1.886601085350493590e-02
6.099999999999999867e-01,1.715338746081073937e-02,1.692418382376805266e-02,1.265658752577586367e-04,1.708324742179950090e-02,1.715889731789758607e-02
6.139999999999999902e-01,1.568506620268013754e-02,1.563761744977648291e-02,1.283610708942303053e-04,1.560199889484384372e-02,1.568999235460741618e-02
6.179999999999999938e-01,1.438440927966344249e-02,1.429745700848003044e-02,1.194610949280758305e-04,1.432243521770193602e-02,1.438882619416128467e-02
6.219999999999999973e-01,1.321715099340262795e-02,1.322622069162017813e-02,1.191610680552286004e-04,1.319926797061574293e-02,1.322111708878459177e-02
6.260000000000000009e-01,1.219815712549238672e-02,1.220144510039601789e-02,1.167112194156847869e-04,1.222385174874553691e-02,1.220173452660285041e-02
6.300000000000000044e-01,1.129056702745183209e-02,1.140925135639016090e-02,1.133309661222259632e-04,1.133804107839063262e-02,1.129380195556038170e-02
6.340000000000000080e-01,1.048904280647856846e-02,1.068977823414063964e-02,1.140838571477471874e-04,1.052834927961453747e-02,1.049197803107276145e-02
6.380000000000000115e-01,9.767294237030993073e-03,9.723174078529421907e-03,1.082220614900754774e-04,9.777513449180657776e-03,9.769961616740025986e-03
6.420000000000000151e-01,9.114203566480051644e-03,9.076796203994838205e-03,1.093183784995611061e-04,9.094988705618298197e-03,9.116629955932434998e-03
6.460000000000000187e-01,8.533488570783077584e-03,8.385892735116204713e-03,1.066779363326328563e-04,8.503494124882673977e-03,8.535701510407004561e-03
6.500000000000000222e-01,8.001396209844578375e-03,8.156355691930983545e-03,1.040095137333150977e-04,7.984296834592081310e-03,8.003413926252554711e-03
6.540000000000000258e-01,7.520654276983183666e-03,7.469579948376377926e-03,1.043061354844251252e-04,7.530373999521241743e-03,7.522495531696283058e-03
6.580000000000000293e-01,7.084244006568066361e-03,7.132221089024675005e-03,1.009021663439862103e-04,7.118149147305881733e-03,7.085924591114317606e-03
6.620000000000000329e-01,6.691941086422652750e-03,6.798675529287414795e-03,1.033509647684036125e-04,6.736099747578544808e-03,6.693476418557994974e-03
6.660000000000000364e-01,6.334326996933799768e-03,6.348085933236564254e-03,9.876182666802095478e-05,6.375549504345159706e-03,6.335728747048736779e-03
6.700000000000000400e-01,5.998440281849784679e-03,6.075961738331607173e-03,9.759763075372582817e-05,6.033440250643099315e-03,5.999715028052163973e-03
6.740000000000000435e-01,5.697546758754332315e-03,5.768115534759490036e-03,9.950255381182762518e-05,5.733626480004729888e-03,5.698705898269027827e-03
6.780000000000000471e-01,5.421367959091142295e-03,5.552556407237613581e-03,9.498609728336359032e-05,5.467899052986151080e-03,5.422418804594363387e-03
6.820000000000000506e-01,5.165417389625426813e-03,5.143483226849387274e-03,9.742192545161243943e-05,5.223373578634592403e-03,5.166365368658394630e-03
6.860000000000000542e-01,4.933328031675515354e-03,4.975593987072365193e-03,9.432944381553087321e-05,4.990117477202351930e-03,4.934179855568420273e-03
6.900000000000000577e-01,4.714831709047317444e-03,4.842166652619274772e-03,9.328649116268306291e-05,4.748912230081210259e-03,4.715589704530703807e-03
6.940000000000000613e-01,4.514599603539067897e-03,4.437909553459552792e-03,9.399883235932200091e-05,4.507353490388310222e-03,4.515267872179997387e-03
6.980000000000000648e-01,4.333040201363752737e-03,4.262036418647976825e-03,9.286111621871843676e-05,4.280750942663570299e-03,4.333622987556510174e-03
7.020000000000000684e-01,4.162804053665948405e-03,4.015788575186979813e-03,9.193670055186449301e-05,4.078652770694574450e-03,4.163302003243968263e-03
7.059999999999999609e-01,4.005039077095907084e-03,3.984035745825156329e-03,9.072915159355387691e-05,3.916180768115225946e-03,4.005453070060290000e-03
7.099999999999999645e-01,3.859674971487498957e-03,3.802755315458270294e-03,9.135265078377085527e-05,3.794550570725895196e-03,3.860005639505364149e-03
7.139999999999999680e-01,3.725909388621188520e-03,3.599147711643489386e-03,9.036442891327934148e-05,3.701272835249850863e-03,3.726156643715234761e-03
7.179999999999999716e-01,3.602726246312762393e-03,3.620926773792048237e-03,9.022036931208880447e-05,3.616198284826972493e-03,3.602889161195604786e-03
7.219999999999999751e-01,3.487435116838628283e-03,3.561952706790092772e-03,8.882131460656273413e-05,3.520491426099028182e-03,3.487510364124587776e-03
7.259999999999999787e-01,3.379977710934318515e-03,3.289006821057572760e-03,8.794062982058683945e-05,3.408635917816283615e-03,3.379961106945413365e-03
7.299999999999999822e-01,3.281156868843600281e-03,3.304383108321093995e-03,8.877904296753875914e-05,3.290936222231637120e-03,3.281044144739742648e-03
7.339999999999999858e-01,3.191022887790196348e-03,3.078615119139470682e-03,8.808643803004104135e-05,3.184678156231295076e-03,3.190809106050630263e-03
7.379999999999999893e-01,3.105932486918355946e-03,3.085291449995633626e-03,8.522425399028520706e-05,3.099152598927959728e-03,3.105607073190790914e-03
7.419999999999999929e-01,3.027023695337966672e-03,3.034905366778666101e-03,8.676860173552586146e-05,3.037334495151132810e-03,3.026575211150397179e-03
7.459999999999999964e-01,2.957180708044593234e-03,3.051426318196053585e-03,8.644714095800745386e-05,2.990533769154979371e-03,2.956600521087670609e-03
7.500000000000000000e-01,2.893729843626374754e-03,2.948604299555075258e-03,8.673661021588006817e-05,2.941656551421143947e-03,2.893002927510935664e-03
7.540000000000000036e-01,2.836205519662601642e-03,2.849274777587242156e-03,8.484940127584785028e-05,2.879466560832669164e-03,2.835311731306398766e-03
7.580000000000000071e-01,2.784946438394660800e-03,2.772426735425147573e-03,8.572655278884689528e-05,2.802441131457770150e-03,2.783861843461777306e-03
7.620000000000000107e-01,2.740243228126902630e-03,2.732837046389047231e-03,8.489675814500407354e-05,2.717258164242756721e-03,2.738937888752820352e-03
7.660000000000000142e-01,2.702412275412689573e-03,2.626148037307334763e-03,8.480356082057000447e-05,2.635979301866488936e-03,2.700849284654196440e-03
7.700000000000000178e-01,2.671414313311375969e-03,2.553004249962118055e-03,8.402746240390230508e-05,2.570742419427143616e-03,2.669541257574787121e-03
7.740000000000000213e-01,2.648308234684055868e-03,2.507609693271140635e-03,8.302052063639425467e-05,2.533894338364115449e-03,2.646057022252083259e-03
7.780000000000000249e-01,2.634529843623024774e-03,2.517641305898088259e-03,8.407556381337892961e-05,2.532569487283910844e-03,2.631815951677574442e-03
7.820000000000000284e-01,2.631719333664203284e-03,2.566781725473269750e-03,8.434750372365530039e-05,2.565340864218835538e-03,2.628437954717556709e-03
7.860000000000000320e-01,2.641757845303515772e-03,2.592113893264388295e-03,8.423240733769736131e-05,2.622808125549136969e-03,2.637767633611177911e-03
7.900000000000000355e-01,2.668915497665175132e-03,2.774714599978860604e-03,8.254127273929502391e-05,2.695084560229225358e-03,2.663987001107030305e-03
7.940000000000000391e-01,2.719037839173965663e-03,2.692571808484123339e-03,8.266166900977582773e-05,2.773112752860506895e-03,2.712858669543666886e-03
7.980000000000000426e-01,2.800111291241297665e-03,2.899391237015258409e-03,8.298787248144955174e-05,2.860761094146885460e-03,2.792249536423532016e-03
8.020000000000000462e-01,2.922932223115615007e-03,3.001845399237550952e-03,8.341486693153634920e-05,2.976857431432084790e-03,2.912788606014483743e-03
8.060000000000000497e-01,3.100912666987204989e-03,3.080193679971484667e-03,8.330920102810569967e-05,3.143638506069934037e-03,3.087677266061054308e-03
8.100000000000000533e-01,3.350419711864716793e-03,3.444508559563422279e-03,8.311472290776365692e-05,3.373303577956254275e-03,3.333019643481821646e-03
8.140000000000000568e-01,3.659392634937509714e-03,3.536845323807991538e-03,8.422299417630832918e-05,3.639309206638794043e-03,3.636945455515560102e-03
8.180000000000000604e-01,3.972514915059641681e-03,3.967176628459279618e-03,8.589064234313578672e-05,3.887449877506737265e-03,3.944993315135770715e-03
8.220000000000000639e-01,4.193907927629401435e-03,4.066565427089995598e-03,8.402162164099969039e-05,4.059827188877803382e-03,4.162766391268138584e-03
8.260000000000000675e-01,4.219004538265870401e-03,4.134993570935444757e-03,8.551088321237305565e-05,4.104365387960332706e-03,4.187329390093604171e-03
8.300000000000000711e-01,4.025390614128563326e-03,3.861784151241975591e-03,8.364205541674941925e-05,3.999735947499291622e-03,3.996630061353547390e-03
8.339999999999999636e-01,3.705670952096371679e-03,3.879418936462611812e-03,8.499689759066646341e-05,3.772256307158740156e-03,3.681840952816746969e-03
8.379999999999999671e-01,3.367107442894326941e-03,3.436256413764603255e-03,8.201873923334276537e-05,3.469017194527747663e-03,3.348553862978866091e-03
8.419999999999999707e-01,3.071466859486672932e-03,3.253091106528225966e-03,7.979018423223506527e-05,3.142998868984949248e-03,3.057572352936915091e-03
8.459999999999999742e-01,2.853670346729600751e-03,2.775256471093170366e-03,8.246227965156501828e-05,2.865114031381242859e-03,2.843268860128258038e-03
8.499999999999999778e-01,2.701897025209620395e-03,2.582248355080093028e-03,7.940831648962302491e-05,2.662768967537800999e-03,2.694005951952610240e-03
8.539999999999999813e-01,2.596527298538945684e-03,2.586354756463711459e-03,8.071830557330921863e-05,2.534627864551322694e-03,2.590472246802090397e-03
8.579999999999999849e-01,2.526453779416882282e-03,2.476957767096749519e-03,7.900233343053565042e-05,2.469824156314055254e-03,2.521734605665689778e-03
8.619999999999999885e-01,2.481151489466296937e-03,2.481284436571406897e-03,7.866680549157091301e-05,2.444218471418608749e-03,2.477438487410028346e-03
8.659999999999999920e-01,2.455298336214030864e-03,2.420790061636223390e-03,7.942150010325322662e-05,2.435149908224663179e-03,2.452342342451402021e-03
8.699999999999999956e-01,2.444329470422624325e-03,2.380167522696201299e-03,7.790305458372702668e-05,2.428723921358638075e-03,2.441958625776438196e-03
8.739999999999999991e-01,2.445291545729404853e-03,2.462008518880793272e-03,7.928017109486696604e-05,2.426796576868187061e-03,2.443380678272774956e-03
8.780000000000000027e-01,2.456379850084262819e-03,2.470114227508032629e-03,7.793075100392597937e-05,2.441268538142726471e-03,2.454836805133125705e-03
8.820000000000000062e-01,2.476313405440137144e-03,2.460909530495790365e-03,7.877050787791759802e-05,2.479984310778353754e-03,2.475070894491751290e-03
8.860000000000000098e-01,2.503649750831373356e-03,2.493266238540147763e-03,8.013312599502093504e-05,2.535014476138003087e-03,2.502650985836160028e-03
8.900000000000000133e-01,2.539823045501746982e-03,2.586813489303997366e-03,7.577057655446122505e-05,2.590388793822787344e-03,2.539036451309198070e-03
8.940000000000000169e-01,2.584569025651176164e-03,2.717624889370391216e-03,7.856316497424180041e-05,2.628429307387741831e-03,2.583967260903170544e-03
8.980000000000000204e-01,2.636205406913940449e-03,2.597571010226742538e-03,7.767802226678764059e-05,2.650011517992891062e-03,2.635759855863476983e-03
9.020000000000000240e-01,2.696125877229626350e-03,2.691095561681132713e-03,7.803383690149142966e-05,2.678379139349373016e-03,2.695818656990362720e-03
9.060000000000000275e-01,2.764607993878356439e-03,2.697042865682826394e-03,7.818906408747179962e-05,2.737336623946173310e-03,2.764424671628453508e-03
9.100000000000000311e-01,2.842254805166516147e-03,2.852586039085842472e-03,7.738441479857374738e-05,2.834173068839091272e-03,2.842184303356692834e-03
9.140000000000000346e-01,2.929849419137942664e-03,2.919867710433843300e-03,7.878585743394452294e-05,2.954726477492225414e-03,2.929883551871276422e-03
9.180000000000000382e-01,3.028033361741436572e-03,3.162421563543031146e-03,7.769056673997997483e-05,3.075639666739636395e-03,3.028165719996796755e-03
9.220000000000000417e-01,3.139724029395917545e-03,3.147087179244438971e-03,7.783056942851747308e-05,3.187625831350871745e-03,3.139951864567209691e-03
9.260000000000000453e-01,3.265012459741665173e-03,3.288736339414253217e-03,7.821399192579862468e-05,3.298581759429533664e-03,3.265333418690772628e-03
9.300000000000000488e-01,3.405330703069673476e-03,3.391461752456199907e-03,7.788126495235653138e-05,3.425415018151202994e-03,3.405743990954085421e-03
9.340000000000000524e-01,3.561196210268422011e-03,3.621438069039555584e-03,8.008606035575447084e-05,3.572943917439658397e-03,3.561701946284466166e-03
9.380000000000000560e-01,3.738307880602277904e-03,3.737144294488885504e-03,7.735435870861590284e-05,3.740789875414088448e-03,3.738909658597939969e-03
9.420000000000000595e-01,3.942919472571494548e-03,3.979795008310256510e-03,7.861681143626977366e-05,3.933276918721078687e-03,3.943624233545684268e-03
9.460000000000000631e-01,4.172009618385777441e-03,4.030058257249896289e-03,7.931650749995121342e-05,4.153663691848942865e-03,4.172822752661171745e-03
9.500000000000000666e-01,4.428995413048580389e-03,4.479121556271377022e-03,7.996831174150598599e-05,4.406052906388795327e-03,4.429924315765350513e-03
9.540000000000000702e-01,4.718958277754499615e-03,4.720193724031467725e-03,8.157673655271392753e-05,4.686452879781860016e-03,4.720012990837295017e-03
9.580000000000000737e-01,5.055476926815332533e-03,4.966961065798559082e-03,7.947558440435163296e-05,5.004497403822139902e-03,5.056673576468159043e-03
9.619999999999999662e-01,5.456791005229941378e-03,5.378635125463855117e-03,8.018340567411275240e-05,5.395516518531633804e-03,5.458153610004799587e-03
9.659999999999999698e-01,5.918325599572963648e-03,5.937710274479941937e-03,8.206263615773812898e-05,5.883127771286500961e-03,5.919876766436449160e-03
9.699999999999999734e-01,6.442948486801780734e-03,6.422464252813504630e-03,8.377597729810500851e-05,6.471538884701923469e-03,6.444712931502988469e-03
9.739999999999999769e-01,7.068336281929432641e-03,7.157483965141231766e-03,8.346566292151588707e-05,7.165887710644719411e-03,7.070355285259588909e-03
9.779999999999999805e-01,7.811767717661367676e-03,7.961202426647783631e-03,8.522291487970177321e-05,7.935724407844704092e-03,7.814091370704386030e-03
9.819999999999999840e-01,8.695993958430991641e-03,8.847497763357171918e-03,8.746652951707983414e-05,8.784398786998000308e-03,8.698684240956827338e-03
9.859999999999999876e-01,9.767749594202117247e-03,9.684545803420294835e-03,8.830696489830690244e-05,9.781024225298036445e-03,9.770891678010198630e-03
9.899999999999999911e-01,1.109151527286866661e-02,1.102187775277107921e-02,9.056715045370513349e-05,1.103147849320447113e-02,1.109522726301164809e-02
9.939999999999999947e-01,1.275225254086961336e-02,1.270297640119293775e-02,9.263198178486842487e-05,1.265426961653591011e-02,1.275669803096913038e-02
9.979999999999999982e-01,1.481238228739106301e-02,1.477717472208925006e-02,9.755514971628064316e-05,1.472616927607515655e-02,1.481776460638025913e-02
1.002000000000000002e+00,1.741876539931632231e-02,1.733838427479073713e-02,1.014056576802968964e-04,1.738475051922526438e-02,1.742537177880959520e-02
1.006000000000000005e+00,2.081131053408144874e-02,2.078842020075879343e-02,1.057093437633898790e-04,2.082900796637839058e-02,2.081956513226051672e-02
1.010000000000000009e+00,2.532363607121677559e-02,2.528540551609773784e-02,1.114174656108609095e-04,2.533157640926171628e-02,2.533415615191934520e-02
1.014000000000000012e+00,3.143660096514211411e-02,3.141295772813189335e-02,1.181989242548110410e-04,3.136504981832110434e-02,3.145027029542721980e-02
1.018000000000000016e+00,3.934787456632779512e-02,3.940196267282869425e-02,1.317114183888297527e-04,3.924165881943147971e-02,3.936564726411727333e-02
1.022000000000000020e+00,4.938498011046988517e-02,4.954080195109547557e-02,1.414711684878056585e-04,4.941574963580223911e-02,4.940779790846658998e-02
1.026000000000000023e+00,6.174547283191517827e-02,6.166597792775873471e-02,1.519102266432780120e-04,6.202588191672555457e-02,6.177388675468262202e-02
1.030000000000000027e+00,7.490347349310333414e-02,7.496629700552781550e-02,1.679904562783278877e-04,7.527132672219530307e-02,7.493647145331323867e-02
1.034000000000000030e+00,8.609305313894359546e-02,8.635135021231148122e-02,1.753385244251784479e-04,8.624782957488237589e-02,8.612758674172486806e-02
1.038000000000000034e+00,9.210555405589983258e-02,9.248624524306001127e-02,1.818412462866594924e-04,9.200580375747816064e-02,9.213732518520119374e-02
1.042000000000000037e+00,9.060198584012052470e-02,9.078977018215969585e-02,1.779247724479048336e-04,9.054435095464929972e-02,9.062726282750256657e-02
1.046000000000000041e+00,8.203570288714585879e-02,8.208925080720982925e-02,1.711395477614489945e-04,8.223731563197114736e-02,8.205322853186317045e-02
1.050000000000000044e+00,6.949553143428227608e-02,6.956920462287154161e-02,1.618120691077796407e-04,6.979834987531935431e-02,6.950658652688171402e-02
1.054000000000000048e+00,5.614953926777305898e-02,5.610197888144134032e-02,1.451786193755769344e-04,5.627475520969410505e-02,5.615629500398208046e-02
1.058000000000000052e+00,4.415983453957839783e-02,4.411128443167146307e-02,1.330838183219435324e-04,4.406131473196986392e-02,4.416416250447802172e-02
1.062000000000000055e+00,3.456850527395142342e-02,3.462685299385799553e-02,1.207022519773694142e-04,3.442457986841808426e-02,3.457160538978468201e-02
1.066000000000000059e+00,2.724404311561650846e-02,2.720430674596101966e-02,1.110662421285091203e-04,2.719618000298717336e-02,2.724650592972805568e-02
1.070000000000000062e+00,2.182454210231694891e-02,2.173871124539530908e-02,1.051076121336694453e-04,2.185735734670472136e-02,2.182663458510324464e-02
1.074000000000000066e+00,1.780387779444340263e-02,1.782292374650298536e-02,9.758867187373151074e-05,1.783729685221779535e-02,1.780571640465946140e-02
1.078000000000000069e+00,1.473384691792930037e-02,1.478061451902111696e-02,9.316589123263624092e-05,1.473257931897316818e-02,1.473548526009208458e-02
1.082000000000000073e+00,1.238971037286939851e-02,1.239854916157661496e-02,8.893108761823160537e-05,1.237629405206343985e-02,1.239118260450482872e-02
1.086000000000000076e+00,1.056036840279333047e-02,1.051341786329052820e-02,8.535215764563601200e-05,1.057190492565904770e-02,1.056169801683940444e-02
1.090000000000000080e+00,9.116118300035547933e-03,9.262656374836676643e-03,8.314675927114525771e-05,9.170670206906296473e-03,9.117324503657077417e-03
1.094000000000000083e+00,7.962023320247214528e-03,7.925137207944089532e-03,7.979214657720940635e-05,8.048823622991363447e-03,7.963122406157112712e-03
1.098000000000000087e+00,7.030954517102015570e-03,7.184649884207789869e-03,7.967163320967247063e-05,7.117111048595305481e-03,7.031960788503243895e-03
1.102000000000000091e+00,6.281360612023448135e-03,6.396308688645288218e-03,7.727648638675674081e-05,6.335600921163668173e-03,6.282287387821721032e-03
1.106000000000000094e+00,5.661009972162513518e-03,5.597731507390241688e-03,7.682405224641859862e-05,5.679517925523611122e-03,5.661867422563660393e-03
1.110000000000000098e+00,5.143674301429571397e-03,5.124326915735364502e-03,7.461859615870200372e-05,5.148492431967674476e-03,5.144471250345213596e-03
1.114000000000000101e+00,4.707907466654569044e-03,4.793101173594033378e-03,7.387010148859927212e-05,4.717402029768804489e-03,4.708651434446139115e-03
1.118000000000000105e+00,4.345720256787642330e-03,4.341565268240181290e-03,7.427581726696475884e-05,4.358688734109059451e-03,4.346418698099410206e-03
1.122000000000000108e+00,4.041178553307613573e-03,4.020989876263429859e-03,7.233055733278291827e-05,4.057097773577638539e-03,4.041837609964650350e-03
1.126000000000000112e+00,3.778029817266587327e-03,3.858510210106223109e-03,7.173452256643282176e-05,3.817321232702005056e-03,3.778654013818198536e-03
1.130000000000000115e+00,3.554596985331484518e-03,3.588114144960490547e-03,7.073927994856721833e-05,3.639103980986779091e-03,3.555190971131858262e-03
1.134000000000000119e+00,3.367006485820136803e-03,3.535681365456461688e-03,7.116420618550108469e-05,3.481330160568792131e-03,3.367574682185466451e-03
1.138000000000000123e+00,3.208744644932697010e-03,3.274123070644725190e-03,7.005846593251430384e-05,3.300917803140704550e-03,3.209290798543410275e-03
1.142000000000000126e+00,3.075996904371954173e-03,3.115785906788181257e-03,6.987289433196210880e-05,3.102703324926492021e-03,3.076524397748548259e-03
1.146000000000000130e+00,2.966400161172400192e-03,2.929393827278069153e-03,6.988805398502172673e-05,2.932870654861519794e-03,2.966912170814233786e-03
1.150000000000000133e+00,2.877490629319928109e-03,2.804798600659040575e-03,6.940012729729136669e-05,2.831775225855143099e-03,2.877990079572606292e-03
1.153999999999999915e+00,2.807357315549498331e-03,2.825671429886707480e-03,6.980377362156079660e-05,2.800094825163615755e-03,2.807846931161378165e-03
1.157999999999999918e+00,2.753628776209225519e-03,2.817459653297801295e-03,6.839821509871538759e-05,2.800922292924739980e-03,2.754111004784635854e-03
1.161999999999999922e+00,2.715942393108459248e-03,2.744506723757895918e-03,6.832347457627389821e-05,2.788494838070934567e-03,2.716419676027333370e-03
1.165999999999999925e+00,2.694197019203557319e-03,2.765232094161662688e-03,6.865363465481461784e-05,2.747011115937370972e-03,2.694671816330573930e-03
1.169999999999999929e+00,2.688095692954921463e-03,2.723572693234173250e-03,6.841676656261350587e-05,2.704028842102169060e-03,2.688570442240799038e-03
1.173999999999999932e+00,2.697233132045201865e-03,2.694333008132845670e-03,6.919283504859142912e-05,2.697032176502674704e-03,2.697710228877002285e-03
1.177999999999999936e+00,2.722638060568644165e-03,2.728550023409132864e-03,6.718087474880662382e-05,2.734092867696094262e-03,2.723120097003509706e-03
1.181999999999999940e+00,2.764827405427808596e-03,2.781993112691711831e-03,6.864412730359227110e-05,2.786973239588530320e-03,2.765317039205640245e-03
1.185999999999999943e+00,2.824752284562271135e-03,2.798249036330771339e-03,6.809732982169192583e-05,2.833243427654577595e-03,2.825252304313986221e-03
1.189999999999999947e+00,2.904470416650009341e-03,2.842992489385250988e-03,6.810813555005755309e-05,2.890356497314694375e-03,2.904983918173563093e-03
1.193999999999999950e+00,3.007300169928758208e-03,2.865141124344482496e-03,6.780490614052194095e-05,2.992183742288267133e-03,3.007830731905703978e-03
1.197999999999999954e+00,3.135141462517606822e-03,3.172246306880135112e-03,6.841227405696144557e-05,3.142162622650314981e-03,3.135692879105101468e-03
1.201999999999999957e+00,3.289083623540646137e-03,3.350295521351794731e-03,6.930128689199634455e-05,3.312292494834666833e-03,3.289659748632622373e-03
1.205999999999999961e+00,3.476117804177327950e-03,3.444547688192381180e-03,6.921760017380874789e-05,3.491444656663220559e-03,3.476723453398977356e-03
1.209999999999999964e+00,3.702687471696485336e-03,3.729669920044777470e-03,6.943073511589215399e-05,3.699417702549401450e-03,3.703328253675999132e-03
1.213999999999999968e+00,3.982738267094240378e-03,3.985591959587331604e-03,6.887691434244353785e-05,3.973185187482920419e-03,3.983421618589416680e-03
1.217999999999999972e+00,4.326402369075316341e-03,4.244372697780416509e-03,6.980155687298956611e-05,4.323962057146985699e-03,4.327136797465274028e-03
1.221999999999999975e+00,4.738301392082042499e-03,4.751806451618259194e-03,7.153020004984438052e-05,4.736674342187173307e-03,4.739095505640681695e-03
1.225999999999999979e+00,5.244540204741014733e-03,5.301263768784736027e-03,7.163181916456253624e-05,5.228399149768775400e-03,5.245405587980677894e-03
1.229999999999999982e+00,5.877650926614239220e-03,5.814207566142522675e-03,7.247048977551234479e-05,5.845163777891290886e-03,5.878602559523457213e-03
1.233999999999999986e+00,6.681895345692200755e-03,6.636037013097606345e-03,7.365928594665548080e-05,6.648052510705221817e-03,6.682952487296689795e-03
1.237999999999999989e+00,7.701344725263397674e-03,7.752297285963091755e-03,7.580032736533105016e-05,7.680332362149855027e-03,7.702530065664219688e-03
1.241999999999999993e+00,9.016746394886676272e-03,9.097859120398982258e-03,7.801355325474091632e-05,9.008077725698119403e-03,9.018089726426972361e-03
1.245999999999999996e+00,1.078498491225895681e-02,1.060866476004315891e-02,7.958589106227995601e-05,1.077671729107770524e-02,1.078653095869953199e-02
1.250000000000000000e+00,1.316644329641255412e-02,1.323007035986706326e-02,8.435552594411200732e-05,1.315375307237454799e-02,1.316825239431832113e-02
1.254000000000000004e+00,1.646916528085121470e-02,1.636495898026865681e-02,8.807841355338415711e-05,1.646502953801233168e-02,1.647133693636717092e-02
1.258000000000000007e+00,2.110589095196632042e-02,2.109651177638752900e-02,9.501506626549117930e-05,2.111467565425915321e-02,2.110860528360773355e-02
1.262000000000000011e+00,2.757902514923308082e-02,2.767327975910794866e-02,1.033963695449186568e-04,2.758648914812037584e-02,2.758264429917324859e-02
1.266000000000000014e+00,3.649271658316638467e-02,3.650479210160575277e-02,1.116859727214277506e-04,3.651483016892004274e-02,3.649801935208461107e-02
1.270000000000000018e+00,4.742149464395904040e-02,4.736111826938586844e-02,1.265908035092426953e-04,4.748067107846378615e-02,4.742980085743779550e-02
1.274000000000000021e+00,5.853005556653859132e-02,5.854523022508962421e-02,1.349854501349622186e-04,5.854952649132921794e-02,5.854300676633725220e-02
1.278000000000000025e+00,6.650680188493143796e-02,6.662649409765777908e-02,1.425939430748705242e-04,6.639999756155029464e-02,6.652531875820306972e-02
1.282000000000000028e+00,6.770450158723310963e-02,6.762809677385608897e-02,1.429284928639983499e-04,6.757544781900820530e-02,6.772726696733272211e-02
1.286000000000000032e+00,6.127329169796770503e-02,6.118697768819576777e-02,1.350919294666597776e-04,6.128015426339924326e-02,6.129682857185621281e-02
1.290000000000000036e+00,5.021150177464055175e-02,5.052199115731363654e-02,1.279623689135036602e-04,5.029646728482872059e-02,5.023223620100023684e-02
1.294000000000000039e+00,3.860128457148866848e-02,3.860156403865535463e-02,1.139717114920315070e-04,3.862405692657307904e-02,3.861751692305544215e-02
1.298000000000000043e+00,2.872560745317624675e-02,2.871320579820791502e-02,1.024287669283402679e-04,2.868988536214801474e-02,2.873742953551923149e-02
1.302000000000000046e+00,2.143337388302080787e-02,2.147142978266539451e-02,9.468586296519809927e-05,2.141976080655664388e-02,2.144180891137742115e-02
1.306000000000000050e+00,1.629483980353183675e-02,1.632490308233004381e-02,8.587341409290877574e-05,1.632213952557555470e-02,1.630091731844852260e-02
1.310000000000000053e+00,1.267134548934704952e-02,1.279144489131815721e-02,8.233636995097217911e-05,1.270127079598214193e-02,1.267581804301007829e-02
1.314000000000000057e+00,1.009732057414649761e-02,1.025234306922898075e-02,7.623792565180778971e-05,1.009862652855518517e-02,1.010070037601267824e-02
1.318000000000000060e+00,8.206125500565803962e-03,8.135579841507251456e-03,7.416545623396971713e-05,8.188560916672082968e-03,8.208734057714012905e-03
1.322000000000000064e+00,6.821569037428062802e-03,6.817294575438634027e-03,7.221944338808455627e-05,6.813774349534699667e-03,6.823632508311027432e-03
1.326000000000000068e+00,5.765928094978408844e-03,5.686430360599393358e-03,6.933187535999698942e-05,5.771768948302904989e-03,5.767587563482005214e-03
1.330000000000000071e+00,4.937382274004824614e-03,4.879071814107044380e-03,6.835530456387705332e-05,4.940216456354482727e-03,4.938731191424485661e-03
1.334000000000000075e+00,4.284645441303169475e-03,4.335813957197059455e-03,6.612556026963956903e-05,4.283491502935191271e-03,4.285752841518670163e-03
1.338000000000000078e+00,3.763777802850308638e-03,3.766939946951603901e-03,6.658044590862133641e-05,3.771044684168201998e-03,3.764693174441782145e-03
1.342000000000000082e+00,3.346258278603268018e-03,3.324322719313665270e-03,6.518519090984669468e-05,3.362895162914925767e-03,3.347018639131173548e-03
1.346000000000000085e+00,3.000936732129716716e-03,2.913488016972937914e-03,6.436780397432926540e-05,3.021508242237830929e-03,3.001566359028767002e-03
1.350000000000000089e+00,2.712396404403057213e-03,2.703922857026808992e-03,6.365439806290095750e-05,2.734385908764146601e-03,2.712912920001589717e-03
1.354000000000000092e+00,2.470361450200245484e-03,2.522604237887108355e-03,6.273446087450876253e-05,2.483603982157400573e-03,2.470777856584210636e-03
1.358000000000000096e+00,2.267082162661318567e-03,2.265455460327169598e-03,6.312347231645637079e-05,2.257259271736444719e-03,2.267407873159366788e-03
1.362000000000000099e+00,2.096984801826333282e-03,2.155369812200273478e-03,6.274285795484702195e-05,2.069475549117229425e-03,2.097226473251845476e-03
1.366000000000000103e+00,1.949969575852563081e-03,1.844938145509251743e-03,6.119999459774686196e-05,1.928979353964916342e-03,1.950128302468872189e-03
1.370000000000000107e+00,1.822650849410537227e-03,1.858778987348834802e-03,6.152561582726760313e-05,1.821184298862171553e-03,1.822724547950525407e-03
1.374000000000000110e+00,1.716553376428771403e-03,1.907281883566888311e-03,6.184382600709197324e-05,1.723061032182096738e-03,1.716539849914542389e-03
1.378000000000000114e+00,1.625981111845362917e-03,1.676342761892659142e-03,6.138202176717179456e-05,1.630033492586762528e-03,1.625872174065385580e-03
1.382000000000000117e+00,1.547198424503213243e-03,1.555994621384247222e-03,5.968984078110839506e-05,1.554352058922568594e-03,1.546977605587966870e-03
1.386000000000000121e+00,1.480678087717196816e-03,1.437543535126636039e-03,6.037572083208519422e-05,1.494342137187132163e-03,1.480322610168961642e-03
1.390000000000000124e+00,1.427297093716839308e-03,1.443353877880538096e-03,6.077593717384531638e-05,1.433178561216820208e-03,1.426776853878817738e-03
1.394000000000000128e+00,1.386110837906583603e-03,1.419755195022894077e-03,6.058500779542544152e-05,1.367847186876618073e-03,1.385379777161638163e-03
1.398000000000000131e+00,1.356811643424644161e-03,1.362056320990895049e-03,6.014127915841469934e-05,1.316551824966795620e-03,1.355791476862523498e-03
